X1,X2,X3,X4,X5,X6
2,0.83982,-0.5,-0.5,0.24869,4.9942
4,0.83961,-0.5,-0.5,0.16213,9.0835
6,0.83996,-0.5,-0.5,0.10164,18.038
8,0.83797,-0.5,-0.5,0.078605,25.09
10,0.83704,-0.5,-0.5,0.058282,52.63
12,0.83668,-0.5,-0.5,0.049998,52.435
14,0.83929,-0.5,-0.5,0.04236,108.06
2,0.84992,-0.5,-0.5,0.23223,5.6016
4,0.84979,-0.5,-0.5,0.15143,11.142
6,0.84993,-0.5,-0.5,0.096218,20.445
8,0.8491,-0.5,-0.5,0.073561,39.181
10,0.8487,-0.5,-0.5,0.053581,45.111
12,0.84735,-0.5,-0.5,0.045591,59.189
14,0.8446,-0.5,-0.5,0.041345,91.984
2,0.85989,-0.5,-0.5,0.21862,6.0199
4,0.85943,-0.5,-0.5,0.14294,12.389
6,0.85913,-0.5,-0.5,0.089601,22.883
8,0.85791,-0.5,-0.5,0.069014,50.526
10,0.85812,-0.5,-0.5,0.051215,55.873
12,0.85567,-0.5,-0.5,0.042769,80.158
14,0.85772,-0.5,-0.5,0.037653,89.2
2,0.86989,-0.5,-0.5,0.20357,6.9743
4,0.86955,-0.5,-0.5,0.13291,14.29
6,0.86928,-0.5,-0.5,0.083972,29.659
8,0.86914,-0.5,-0.5,0.063367,48.383
10,0.86949,-0.5,-0.5,0.04671,64.442
12,0.86954,-0.5,-0.5,0.03888,98.59
14,0.86461,-0.5,-0.5,0.036717,119.09
2,0.87996,-0.5,-0.5,0.18737,8.1003
4,0.87973,-0.5,-0.5,0.12164,17.711
6,0.87963,-0.5,-0.5,0.077891,32.383
8,0.87925,-0.5,-0.5,0.058926,55.228
10,0.87865,-0.5,-0.5,0.043234,81.411
12,0.87696,-0.5,-0.5,0.03739,85.017
14,0.87994,-0.5,-0.5,0.031843,191.52
2,0.88979,-0.5,-0.5,0.17285,9.7037
4,0.88975,-0.5,-0.5,0.11279,22.111
6,0.88935,-0.5,-0.5,0.070727,38.424
8,0.88903,-0.5,-0.5,0.054224,67.737
10,0.88652,-0.5,-0.5,0.039652,97.331
12,0.88634,-0.5,-0.5,0.034496,133.8
14,0.88746,-0.5,-0.5,0.029987,243.48
2,0.89998,-0.5,-0.5,0.15805,10.678
4,0.89968,-0.5,-0.5,0.10179,22.932
6,0.8998,-0.5,-0.5,0.064192,46.686
8,0.89861,-0.5,-0.5,0.049576,66.773
10,0.89809,-0.5,-0.5,0.036904,111.85
12,0.89907,-0.5,-0.5,0.030989,135.29
14,0.8947,-0.5,-0.5,0.02805,170
2,0.9098,-0.5,-0.5,0.14273,12.604
4,0.9098,-0.5,-0.5,0.091879,29.544
6,0.90911,-0.5,-0.5,0.058185,59.394
8,0.90818,-0.5,-0.5,0.045308,68.794
10,0.90973,-0.5,-0.5,0.032395,130.47
12,0.90881,-0.5,-0.5,0.028007,218.14
14,0.90623,-0.5,-0.5,0.025175,204.8
2,0.9199,-0.5,-0.5,0.12661,15.912
4,0.91944,-0.5,-0.5,0.082435,35.258
6,0.91983,-0.5,-0.5,0.051231,54.388
8,0.91801,-0.5,-0.5,0.039832,97.964
10,0.91987,-0.5,-0.5,0.029113,170.51
12,0.91971,-0.5,-0.5,0.024724,257.58
14,0.91391,-0.5,-0.5,0.023086,288.26
2,0.92982,-0.5,-0.5,0.11158,18.629
4,0.92995,-0.5,-0.5,0.07197,41.795
6,0.92893,-0.5,-0.5,0.045807,91.734
8,0.92891,-0.5,-0.5,0.034952,141.99
10,0.92963,-0.5,-0.5,0.024805,165.88
12,0.92989,-0.5,-0.5,0.021015,436.75
14,0.92389,-0.5,-0.5,0.019986,450.29
2,0.93986,-0.5,-0.5,0.09574,24.433
4,0.93999,-0.5,-0.5,0.061362,48.663
6,0.93944,-0.5,-0.5,0.038858,94.749
8,0.93859,-0.5,-0.5,0.029944,170.78
10,0.93845,-0.5,-0.5,0.021577,268.6
12,0.93699,-0.5,-0.5,0.018906,213.24
14,0.93651,-0.5,-0.5,0.016955,459.23
2,0.94992,-0.5,-0.5,0.079819,31.73
4,0.94948,-0.5,-0.5,0.05161,60.238
6,0.9496,-0.5,-0.5,0.032441,137.64
8,0.94948,-0.5,-0.5,0.024967,240.29
10,0.94865,-0.5,-0.5,0.01817,460.59
12,0.94754,-0.5,-0.5,0.016356,447.52
14,0.94702,-0.5,-0.5,0.014296,483.79
2,0.95992,-0.5,-0.5,0.064423,42.564
4,0.9598,-0.5,-0.5,0.041129,85.292
6,0.95896,-0.5,-0.5,0.026475,198.22
8,0.95968,-0.5,-0.5,0.019687,369.61
10,0.95761,-0.5,-0.5,0.015073,491.96
12,0.95982,-0.5,-0.5,0.012458,714.33
14,0.95786,-0.5,-0.5,0.011138,1000.3
2,0.93506,-0.1,-0.5,0.11248,21.162
4,0.90842,-0.1,-0.5,0.10171,24.685
6,0.85395,-0.1,-0.5,0.1017,22.448
8,0.87853,-0.1,-0.5,0.067541,58.526
10,0.84161,-0.1,-0.5,0.063094,42.782
12,0.83572,-0.1,-0.5,0.055529,65.035
14,0.83556,-0.1,-0.5,0.046289,96.35
2,0.95168,-0.1,-0.5,0.083753,31.692
4,0.92514,-0.1,-0.5,0.084293,39.205
6,0.90742,-0.1,-0.5,0.065588,53.399
8,0.84999,-0.1,-0.5,0.079437,34.331
10,0.8486,-0.1,-0.5,0.058821,54.309
12,0.8457,-0.1,-0.5,0.052624,73.441
14,0.84561,-0.1,-0.5,0.044471,96.775
2,0.94522,-0.1,-0.5,0.096731,27.928
4,0.91696,-0.1,-0.5,0.093091,31.543
6,0.88438,-0.1,-0.5,0.082456,31.735
8,0.85825,-0.1,-0.5,0.07553,34.804
10,0.85897,-0.1,-0.5,0.055171,62.743
12,0.85741,-0.1,-0.5,0.048744,80.758
14,0.85475,-0.1,-0.5,0.042643,141.1
2,0.95324,-0.1,-0.5,0.082917,36.2
4,0.90827,-0.1,-0.5,0.10096,28.144
6,0.88735,-0.1,-0.5,0.079913,39.332
8,0.86875,-0.1,-0.5,0.069352,40.686
10,0.86915,-0.1,-0.5,0.051525,80.825
12,0.86884,-0.1,-0.5,0.043192,110.38
14,0.86553,-0.1,-0.5,0.039459,124.42
2,0.94567,-0.1,-0.5,0.095553,27.518
4,0.90827,-0.1,-0.5,0.10171,26.674
6,0.89995,-0.1,-0.5,0.070417,47.048
8,0.87801,-0.1,-0.5,0.065835,53.531
10,0.87906,-0.1,-0.5,0.047256,88.685
12,0.87964,-0.1,-0.5,0.039162,160.08
14,0.87988,-0.1,-0.5,0.035455,135.53
2,0.94457,-0.1,-0.5,0.096215,26.715
4,0.9172,-0.1,-0.5,0.093866,30.554
6,0.88926,-0.1,-0.5,0.078541,45.69
8,0.88931,-0.1,-0.5,0.059348,60.814
10,0.88815,-0.1,-0.5,0.044846,98.423
12,0.88847,-0.1,-0.5,0.037678,134.64
14,0.88761,-0.1,-0.5,0.033181,158.26
2,0.93529,-0.1,-0.5,0.1131,21.406
4,0.90409,-0.1,-0.5,0.10669,23.099
6,0.89986,-0.1,-0.5,0.070647,44.438
8,0.89859,-0.1,-0.5,0.052866,70.542
10,0.89742,-0.1,-0.5,0.041045,126.07
12,0.89963,-0.1,-0.5,0.033128,182.31
14,0.89971,-0.1,-0.5,0.029669,199.71
2,0.93623,-0.1,-0.5,0.1107,21.271
4,0.90976,-0.1,-0.5,0.10141,28.132
6,0.90888,-0.1,-0.5,0.063921,54.711
8,0.90919,-0.1,-0.5,0.049116,92.447
10,0.90655,-0.1,-0.5,0.038825,162.94
12,0.90849,-0.1,-0.5,0.030256,210.43
14,0.90889,-0.1,-0.5,0.025712,238
2,0.94783,-0.1,-0.5,0.089989,29.482
4,0.91943,-0.1,-0.5,0.090608,30.769
6,0.91963,-0.1,-0.5,0.057065,69.103
8,0.91844,-0.1,-0.5,0.044069,111.61
10,0.91875,-0.1,-0.5,0.031307,160.69
12,0.918,-0.1,-0.5,0.027815,267.99
14,0.91775,-0.1,-0.5,0.024036,372.76
2,0.93045,-0.1,-0.5,0.12109,18.925
4,0.92995,-0.1,-0.5,0.078684,42.818
6,0.92951,-0.1,-0.5,0.049295,88.919
8,0.92926,-0.1,-0.5,0.038692,176.62
10,0.92882,-0.1,-0.5,0.028492,244.77
12,0.92852,-0.1,-0.5,0.023786,314.56
14,0.9274,-0.1,-0.5,0.021357,441.17
2,0.93979,-0.1,-0.5,0.10362,23.681
4,0.93965,-0.1,-0.5,0.068623,54.497
6,0.93942,-0.1,-0.5,0.041595,110.45
8,0.93903,-0.1,-0.5,0.033327,195.61
10,0.93985,-0.1,-0.5,0.023593,330.98
12,0.93887,-0.1,-0.5,0.020591,446.66
14,0.93817,-0.1,-0.5,0.018383,630.76
2,0.9498,-0.1,-0.5,0.087418,30.881
4,0.94939,-0.1,-0.5,0.057393,72.487
6,0.9495,-0.1,-0.5,0.036008,140.73
8,0.94827,-0.1,-0.5,0.0276,241.03
10,0.94805,-0.1,-0.5,0.019548,329.47
12,0.94737,-0.1,-0.5,0.017624,521.22
14,0.9488,-0.1,-0.5,0.015489,827.92
2,0.95999,-0.1,-0.5,0.070674,45.026
4,0.95983,-0.1,-0.5,0.044678,94.395
6,0.95989,-0.1,-0.5,0.028134,189.33
8,0.95795,-0.1,-0.5,0.023369,351.32
10,0.95895,-0.1,-0.5,0.016093,601.2
12,0.95958,-0.1,-0.5,0.013691,1018.2
14,0.95741,-0.1,-0.5,0.01296,744.97
2,0.9605,0,-0.5,0.071681,54.134
4,0.92797,0,-0.5,0.08232,55.772
6,0.90448,0,-0.5,0.070038,65.25
8,0.89453,0,-0.5,0.056897,97.02
10,0.8519,0,-0.5,0.05893,67.2
12,0.84617,0,-0.5,0.051907,69.406
14,0.83924,0,-0.5,0.049358,126.59
2,0.96433,0,-0.5,0.064221,64.615
4,0.92759,0,-0.5,0.082798,50.354
6,0.90178,0,-0.5,0.070677,70.96
8,0.89654,0,-0.5,0.055833,99.537
10,0.84913,0,-0.5,0.062325,67.26
12,0.84997,0,-0.5,0.052731,104.06
14,0.84799,0,-0.5,0.046158,133.83
2,0.9622,0,-0.5,0.068052,63.297
4,0.9355,0,-0.5,0.074605,56.734
6,0.90293,0,-0.5,0.070536,74.898
8,0.88981,0,-0.5,0.059195,100.22
10,0.85661,0,-0.5,0.057159,88.324
12,0.85722,0,-0.5,0.04839,84.014
14,0.85225,0,-0.5,0.044034,135.35
2,0.96594,0,-0.5,0.061335,69.325
4,0.94354,0,-0.5,0.065281,78.943
6,0.90723,0,-0.5,0.066475,79.084
8,0.91328,0,-0.5,0.047914,129.81
10,0.86874,0,-0.5,0.052639,93.61
12,0.90761,0,-0.5,0.03162,222.11
14,0.86992,0,-0.5,0.038298,142.12
2,0.96132,0,-0.5,0.069877,54.807
4,0.93472,0,-0.5,0.075361,53.923
6,0.91528,0,-0.5,0.0621,83.112
8,0.89535,0,-0.5,0.056819,87.559
10,0.87893,0,-0.5,0.049338,134.12
12,0.87584,0,-0.5,0.042554,133.49
14,0.87853,0,-0.5,0.035699,266.9
2,0.96999,0,-0.5,0.055013,77.329
4,0.96238,0,-0.5,0.042951,138.56
6,0.89136,0,-0.5,0.078539,64.479
8,0.90207,0,-0.5,0.055872,102.28
10,0.88958,0,-0.5,0.044974,144.65
12,0.88614,0,-0.5,0.039769,142.65
14,0.88697,0,-0.5,0.034032,279.74
2,0.95671,0,-0.5,0.078518,49.008
4,0.94875,0,-0.5,0.058953,79.061
6,0.90032,0,-0.5,0.07153,63.045
8,0.8997,0,-0.5,0.054579,99.166
10,0.89778,0,-0.5,0.041885,147.65
12,0.89845,0,-0.5,0.03456,212.44
14,0.89225,0,-0.5,0.032344,240.51
2,0.9577,0,-0.5,0.075578,56.967
4,0.9356,0,-0.5,0.074264,65.384
6,0.90873,0,-0.5,0.06649,69.201
8,0.9087,0,-0.5,0.050695,133.83
10,0.90638,0,-0.5,0.038519,183.18
12,0.90653,0,-0.5,0.032214,264.25
14,0.90919,0,-0.5,0.02739,312.63
2,0.95765,0,-0.5,0.077182,50.569
4,0.92942,0,-0.5,0.082052,47.713
6,0.92868,0,-0.5,0.051187,111.36
8,0.91919,0,-0.5,0.045019,125.15
10,0.91758,0,-0.5,0.032365,183.49
12,0.91463,0,-0.5,0.029206,365.04
14,0.91646,0,-0.5,0.025465,596.49
2,0.96131,0,-0.5,0.069477,62.687
4,0.93383,0,-0.5,0.077133,62.2
6,0.93059,0,-0.5,0.051438,112.23
8,0.92787,0,-0.5,0.040121,182.79
10,0.92962,0,-0.5,0.029733,282.99
12,0.92528,0,-0.5,0.025472,342.75
14,0.92708,0,-0.5,0.022717,671.54
2,0.96311,0,-0.5,0.066892,61.459
4,0.94613,0,-0.5,0.062893,76.265
6,0.93921,0,-0.5,0.043752,145.19
8,0.93842,0,-0.5,0.033333,265.79
10,0.93542,0,-0.5,0.026877,291.87
12,0.93712,0,-0.5,0.021487,529.66
14,0.93656,0,-0.5,0.019098,644.26
2,0.96381,0,-0.5,0.064393,59.844
4,0.94977,0,-0.5,0.057719,79.799
6,0.94935,0,-0.5,0.037021,177.42
8,0.94994,0,-0.5,0.027561,259.43
10,0.94904,0,-0.5,0.020455,519.04
12,0.94508,0,-0.5,0.019437,609.81
14,0.94735,0,-0.5,0.016049,631.45
2,0.96478,0,-0.5,0.064058,63.069
4,0.95951,0,-0.5,0.046548,112.98
6,0.95964,0,-0.5,0.029347,228.17
8,0.95909,0,-0.5,0.022709,424.73
10,0.95987,0,-0.5,0.016684,813.72
12,0.95798,0,-0.5,0.014241,712.92
14,0.95929,0,-0.5,0.011765,990.23
2,0.95217,0.2,-0.5,0.085175,60.8
4,0.90891,0.2,-0.5,0.10225,52.828
6,0.87585,0.2,-0.5,0.086947,60.146
8,0.86373,0.2,-0.5,0.073106,84.898
10,0.83832,0.2,-0.5,0.062499,107.76
12,0.83941,0.2,-0.5,0.053059,118.19
14,0.83769,0.2,-0.5,0.047,153.45
2,0.94231,0.2,-0.5,0.10021,51.859
4,0.92382,0.2,-0.5,0.086038,70.237
6,0.85523,0.2,-0.5,0.10053,52.001
8,0.85247,0.2,-0.5,0.079313,71.6
10,0.84849,0.2,-0.5,0.059642,118.5
12,0.84652,0.2,-0.5,0.050766,138.07
14,0.84431,0.2,-0.5,0.044361,190.11
2,0.94047,0.2,-0.5,0.1052,47.404
4,0.91579,0.2,-0.5,0.093892,63.196
6,0.85934,0.2,-0.5,0.097823,53.112
8,0.86589,0.2,-0.5,0.072193,90.527
10,0.85839,0.2,-0.5,0.054484,137.48
12,0.8553,0.2,-0.5,0.049251,152.9
14,0.86,0.2,-0.5,0.041098,215.91
2,0.94184,0.2,-0.5,0.10257,46.763
4,0.90091,0.2,-0.5,0.11004,45.306
6,0.8978,0.2,-0.5,0.073079,82.489
8,0.89531,0.2,-0.5,0.055615,140.51
10,0.86897,0.2,-0.5,0.051214,143.15
12,0.86869,0.2,-0.5,0.045117,188.13
14,0.86692,0.2,-0.5,0.040541,209.63
2,0.93482,0.2,-0.5,0.11349,41.682
4,0.90903,0.2,-0.5,0.10178,53.621
6,0.87874,0.2,-0.5,0.085192,68.258
8,0.8797,0.2,-0.5,0.06471,100.73
10,0.8787,0.2,-0.5,0.048512,136.78
12,0.87853,0.2,-0.5,0.040681,201.49
14,0.87884,0.2,-0.5,0.036016,240.51
2,0.94012,0.2,-0.5,0.10461,47.342
4,0.91337,0.2,-0.5,0.09779,55.143
6,0.89326,0.2,-0.5,0.076562,79.757
8,0.88928,0.2,-0.5,0.058673,136.22
10,0.88885,0.2,-0.5,0.043045,218.11
12,0.88878,0.2,-0.5,0.037287,294.96
14,0.88373,0.2,-0.5,0.034915,295.37
2,0.94298,0.2,-0.5,0.10011,50.051
4,0.90466,0.2,-0.5,0.10646,51.738
6,0.89967,0.2,-0.5,0.070121,98.155
8,0.89991,0.2,-0.5,0.054007,162.23
10,0.89725,0.2,-0.5,0.04025,238.75
12,0.89933,0.2,-0.5,0.034512,351.75
14,0.89538,0.2,-0.5,0.030372,319.1
2,0.93023,0.2,-0.5,0.12071,38.616
4,0.92869,0.2,-0.5,0.078972,82.146
6,0.90885,0.2,-0.5,0.063696,107.06
8,0.90936,0.2,-0.5,0.04831,164.6
10,0.90848,0.2,-0.5,0.036053,289.16
12,0.90887,0.2,-0.5,0.031015,425.73
14,0.90702,0.2,-0.5,0.026717,548.76
2,0.94733,0.2,-0.5,0.092314,55.146
4,0.94026,0.2,-0.5,0.06751,92.234
6,0.91952,0.2,-0.5,0.0565,129.95
8,0.91971,0.2,-0.5,0.04342,202.64
10,0.91922,0.2,-0.5,0.032065,350.59
12,0.91897,0.2,-0.5,0.02761,395.88
14,0.91566,0.2,-0.5,0.025274,454.14
2,0.94201,0.2,-0.5,0.10119,49.438
4,0.92972,0.2,-0.5,0.079128,81.778
6,0.9291,0.2,-0.5,0.050191,168.6
8,0.92824,0.2,-0.5,0.039337,274.54
10,0.92895,0.2,-0.5,0.028745,401.47
12,0.92568,0.2,-0.5,0.024415,598.79
14,0.9284,0.2,-0.5,0.020584,732.8
2,0.94417,0.2,-0.5,0.096748,53.921
4,0.93991,0.2,-0.5,0.068288,94.109
6,0.93921,0.2,-0.5,0.042054,196.26
8,0.93802,0.2,-0.5,0.033601,335.18
10,0.93945,0.2,-0.5,0.024348,496
12,0.93652,0.2,-0.5,0.021532,649.29
14,0.93535,0.2,-0.5,0.01919,914.53
2,0.94984,0.2,-0.5,0.08778,59.648
4,0.94964,0.2,-0.5,0.056662,130.78
6,0.94928,0.2,-0.5,0.0361,294.15
8,0.94891,0.2,-0.5,0.027017,479.01
10,0.94945,0.2,-0.5,0.020085,689.39
12,0.94845,0.2,-0.5,0.018546,929.92
14,0.94426,0.2,-0.5,0.016941,1003.5
2,0.95999,0.2,-0.5,0.070425,79.15
4,0.95966,0.2,-0.5,0.04564,173.02
6,0.95883,0.2,-0.5,0.029468,353.29
8,0.95782,0.2,-0.5,0.022448,719.48
10,0.95783,0.2,-0.5,0.016368,1133.8
12,0.9585,0.2,-0.5,0.013574,1599.4
14,0.95802,0.2,-0.5,0.012406,1347.1
2,0.83983,1,-0.5,0.24865,15.667
4,0.83948,1,-0.5,0.16233,31.182
6,0.83876,1,-0.5,0.10323,52.686
8,0.83809,1,-0.5,0.078587,91.835
10,0.83991,1,-0.5,0.056466,147.33
12,0.83557,1,-0.5,0.049688,207.54
14,0.83607,1,-0.5,0.043323,251.76
2,0.8499,1,-0.5,0.23172,18.006
4,0.84951,1,-0.5,0.15184,35.241
6,0.84933,1,-0.5,0.097145,69.486
8,0.84891,1,-0.5,0.074023,102.62
10,0.84669,1,-0.5,0.055201,156.89
12,0.84884,1,-0.5,0.046093,174.68
14,0.8494,1,-0.5,0.039597,238.94
2,0.85988,1,-0.5,0.21843,19.89
4,0.85949,1,-0.5,0.14187,39.203
6,0.85983,1,-0.5,0.088766,75.494
8,0.85928,1,-0.5,0.067689,111.39
10,0.85757,1,-0.5,0.051341,168.3
12,0.85857,1,-0.5,0.042136,229.8
14,0.85792,1,-0.5,0.037896,273.58
2,0.87,1,-0.5,0.20279,21.92
4,0.86955,1,-0.5,0.13206,44.099
6,0.86942,1,-0.5,0.08377,86.101
8,0.86902,1,-0.5,0.063594,131.59
10,0.86887,1,-0.5,0.047391,180.99
12,0.86924,1,-0.5,0.03898,264.77
14,0.86871,1,-0.5,0.034628,509.11
2,0.87987,1,-0.5,0.18769,25.474
4,0.87977,1,-0.5,0.12221,45.698
6,0.87949,1,-0.5,0.076918,95.955
8,0.87925,1,-0.5,0.058952,156.01
10,0.87873,1,-0.5,0.043329,257.4
12,0.87693,1,-0.5,0.037047,390.38
14,0.87433,1,-0.5,0.033516,523.9
2,0.88979,1,-0.5,0.17194,28.944
4,0.88994,1,-0.5,0.11175,57.957
6,0.88971,1,-0.5,0.070613,98.327
8,0.88866,1,-0.5,0.054471,173.33
10,0.88774,1,-0.5,0.040066,251.39
12,0.88929,1,-0.5,0.034375,498.51
14,0.8857,1,-0.5,0.029918,444.28
2,0.89992,1,-0.5,0.15786,30.895
4,0.89977,1,-0.5,0.10178,67.49
6,0.89898,1,-0.5,0.064923,110.87
8,0.89979,1,-0.5,0.048709,242.42
10,0.89984,1,-0.5,0.035435,303.13
12,0.89852,1,-0.5,0.030979,457.1
14,0.89903,1,-0.5,0.026167,469.62
2,0.90984,1,-0.5,0.14256,37.717
4,0.90968,1,-0.5,0.092151,76.754
6,0.90996,1,-0.5,0.057472,156.89
8,0.90961,1,-0.5,0.044362,232.68
10,0.90649,1,-0.5,0.033978,347.25
12,0.9054,1,-0.5,0.02888,465.36
14,0.90615,1,-0.5,0.024786,733.45
2,0.91995,1,-0.5,0.12659,48.45
4,0.91997,1,-0.5,0.081964,86.06
6,0.91984,1,-0.5,0.051251,169.76
8,0.91957,1,-0.5,0.039166,268.39
10,0.91924,1,-0.5,0.029225,407.58
12,0.91563,1,-0.5,0.02582,603.77
14,0.91638,1,-0.5,0.021609,777.85
2,0.92986,1,-0.5,0.11155,53.271
4,0.92987,1,-0.5,0.072003,117.75
6,0.92952,1,-0.5,0.045453,237.61
8,0.92933,1,-0.5,0.03461,313.86
10,0.9295,1,-0.5,0.025285,523.52
12,0.92741,1,-0.5,0.021887,661.91
14,0.92883,1,-0.5,0.019108,1194.6
2,0.93998,1,-0.5,0.095565,66.083
4,0.93953,1,-0.5,0.061719,141.21
6,0.93958,1,-0.5,0.038972,312.24
8,0.93879,1,-0.5,0.029673,430.85
10,0.9392,1,-0.5,0.022037,610.39
12,0.93508,1,-0.5,0.019744,848.75
14,0.93713,1,-0.5,0.016889,1089.5
2,0.94998,1,-0.5,0.079385,90.788
4,0.94986,1,-0.5,0.051288,189.63
6,0.94902,1,-0.5,0.032526,388.68
8,0.9485,1,-0.5,0.025474,558.63
10,0.94644,1,-0.5,0.019164,809.17
12,0.94632,1,-0.5,0.016296,1145.5
14,0.9488,1,-0.5,0.013804,1640.9
2,0.95979,1,-0.5,0.064403,119.98
4,0.95962,1,-0.5,0.041328,233.51
6,0.95925,1,-0.5,0.026498,515.09
8,0.95839,1,-0.5,0.02015,770.6
10,0.95697,1,-0.5,0.015628,1524.4
12,0.95559,1,-0.5,0.013269,1459.7
14,0.95987,1,-0.5,0.010751,1702.5
2,0.95476,-0.5,-0.1,0.07927,35.916
4,0.93541,-0.5,-0.1,0.07249,45.454
6,0.89058,-0.5,-0.1,0.076441,38.452
8,0.84596,-0.5,-0.1,0.083165,33.316
10,0.83948,-0.5,-0.1,0.061626,45.51
12,0.83694,-0.5,-0.1,0.054035,62.564
14,0.83493,-0.5,-0.1,0.048577,92.203
2,0.93087,-0.5,-0.1,0.1188,18.55
4,0.92072,-0.5,-0.1,0.088536,32.397
6,0.87585,-0.5,-0.1,0.087471,32.009
8,0.8498,-0.5,-0.1,0.077658,30.727
10,0.8494,-0.5,-0.1,0.061097,53.192
12,0.84672,-0.5,-0.1,0.051005,63.834
14,0.84685,-0.5,-0.1,0.044605,104.43
2,0.93621,-0.5,-0.1,0.11112,21.303
4,0.90736,-0.5,-0.1,0.10447,26.176
6,0.87258,-0.5,-0.1,0.087908,27.283
8,0.86616,-0.5,-0.1,0.0708,42.36
10,0.8569,-0.5,-0.1,0.056496,73.988
12,0.8554,-0.5,-0.1,0.0495,75.552
14,0.8564,-0.5,-0.1,0.040751,123.6
2,0.93838,-0.5,-0.1,0.10749,22.868
4,0.92992,-0.5,-0.1,0.078239,38.374
6,0.89082,-0.5,-0.1,0.076321,35.992
8,0.86953,-0.5,-0.1,0.068801,43.739
10,0.86671,-0.5,-0.1,0.053949,69.317
12,0.86638,-0.5,-0.1,0.044636,91.14
14,0.86724,-0.5,-0.1,0.038702,138.63
2,0.94399,-0.5,-0.1,0.09778,26.649
4,0.8986,-0.5,-0.1,0.11196,21.577
6,0.88904,-0.5,-0.1,0.077488,38.057
8,0.87829,-0.5,-0.1,0.065094,57.854
10,0.87928,-0.5,-0.1,0.047117,80.215
12,0.87733,-0.5,-0.1,0.042133,117.93
14,0.8783,-0.5,-0.1,0.037054,138.74
2,0.94148,-0.5,-0.1,0.10293,24.989
4,0.93972,-0.5,-0.1,0.067578,49.587
6,0.88998,-0.5,-0.1,0.077846,40.799
8,0.8882,-0.5,-0.1,0.058702,49.088
10,0.88673,-0.5,-0.1,0.04532,98.958
12,0.8871,-0.5,-0.1,0.037798,105.41
14,0.88648,-0.5,-0.1,0.032505,203.32
2,0.95056,-0.5,-0.1,0.086499,30.613
4,0.92544,-0.5,-0.1,0.084459,37.43
6,0.89882,-0.5,-0.1,0.070567,40.452
8,0.89859,-0.5,-0.1,0.053834,67.034
10,0.89892,-0.5,-0.1,0.039039,148.82
12,0.89909,-0.5,-0.1,0.033628,165.63
14,0.89921,-0.5,-0.1,0.030128,225.17
2,0.93343,-0.5,-0.1,0.11592,20.855
4,0.90947,-0.5,-0.1,0.10044,26.759
6,0.90888,-0.5,-0.1,0.063808,49.203
8,0.90965,-0.5,-0.1,0.048195,99.375
10,0.90788,-0.5,-0.1,0.037408,144.53
12,0.90656,-0.5,-0.1,0.031741,172.87
14,0.90799,-0.5,-0.1,0.026813,293.69
2,0.93999,-0.5,-0.1,0.10559,22.566
4,0.91943,-0.5,-0.1,0.08936,32.166
6,0.91993,-0.5,-0.1,0.056385,67.177
8,0.91871,-0.5,-0.1,0.042993,125.38
10,0.91752,-0.5,-0.1,0.033822,167.72
12,0.91921,-0.5,-0.1,0.027745,212.22
14,0.91506,-0.5,-0.1,0.024771,563.41
2,0.9303,-0.5,-0.1,0.12073,19.025
4,0.92993,-0.5,-0.1,0.07853,41.303
6,0.92987,-0.5,-0.1,0.050794,88.668
8,0.92817,-0.5,-0.1,0.038588,138.42
10,0.92978,-0.5,-0.1,0.027436,267.42
12,0.9277,-0.5,-0.1,0.024262,251.92
14,0.92677,-0.5,-0.1,0.021628,377.05
2,0.93981,-0.5,-0.1,0.10516,23.468
4,0.93953,-0.5,-0.1,0.06777,45.86
6,0.93969,-0.5,-0.1,0.042809,102.57
8,0.93991,-0.5,-0.1,0.031993,176.53
10,0.9389,-0.5,-0.1,0.024785,293.32
12,0.93602,-0.5,-0.1,0.021326,307.05
14,0.93953,-0.5,-0.1,0.017944,567.04
2,0.94997,-0.5,-0.1,0.086868,31.463
4,0.94978,-0.5,-0.1,0.056775,68.191
6,0.94963,-0.5,-0.1,0.035465,166.08
8,0.94964,-0.5,-0.1,0.027598,189.19
10,0.94792,-0.5,-0.1,0.020839,339.61
12,0.94529,-0.5,-0.1,0.018397,525.23
14,0.94622,-0.5,-0.1,0.015813,491.64
2,0.95991,-0.5,-0.1,0.070666,40.352
4,0.95973,-0.5,-0.1,0.045134,88.481
6,0.95892,-0.5,-0.1,0.029655,194.19
8,0.95954,-0.5,-0.1,0.022525,284.37
10,0.95967,-0.5,-0.1,0.015802,362.59
12,0.95839,-0.5,-0.1,0.014797,719.55
14,0.95545,-0.5,-0.1,0.013072,907.54
2,0.94462,-0.1,-0.1,0.10099,26.628
4,0.93066,-0.1,-0.1,0.080524,42.921
6,0.89278,-0.1,-0.1,0.08018,41.648
8,0.85661,-0.1,-0.1,0.080664,34.438
10,0.84299,-0.1,-0.1,0.065624,53.846
12,0.83805,-0.1,-0.1,0.05806,71.398
14,0.83962,-0.1,-0.1,0.05001,78.433
2,0.95441,-0.1,-0.1,0.083169,34.833
4,0.92872,-0.1,-0.1,0.082683,40.83
6,0.89668,-0.1,-0.1,0.077386,42.566
8,0.88718,-0.1,-0.1,0.064065,59.232
10,0.84953,-0.1,-0.1,0.062455,46.471
12,0.84803,-0.1,-0.1,0.054529,77.094
14,0.84599,-0.1,-0.1,0.047714,85.8
2,0.95259,-0.1,-0.1,0.086822,34.578
4,0.93646,-0.1,-0.1,0.073948,46.762
6,0.90457,-0.1,-0.1,0.071112,48.983
8,0.88917,-0.1,-0.1,0.063099,62.707
10,0.85737,-0.1,-0.1,0.061993,59.033
12,0.85895,-0.1,-0.1,0.050581,79.2
14,0.85568,-0.1,-0.1,0.044886,103.62
2,0.95851,-0.1,-0.1,0.075117,39.234
4,0.93039,-0.1,-0.1,0.080853,42.008
6,0.90576,-0.1,-0.1,0.071069,50.082
8,0.87732,-0.1,-0.1,0.070137,52.338
10,0.86856,-0.1,-0.1,0.057111,72.51
12,0.86874,-0.1,-0.1,0.047201,91.245
14,0.86989,-0.1,-0.1,0.040886,127.66
2,0.95061,-0.1,-0.1,0.089937,31.518
4,0.93521,-0.1,-0.1,0.075635,46.581
6,0.90558,-0.1,-0.1,0.070207,51.212
8,0.88964,-0.1,-0.1,0.062777,64.722
10,0.87924,-0.1,-0.1,0.05126,86.287
12,0.87999,-0.1,-0.1,0.042946,124.16
14,0.87782,-0.1,-0.1,0.037891,137.73
2,0.95113,-0.1,-0.1,0.089206,31.382
4,0.9233,-0.1,-0.1,0.089452,35.51
6,0.92244,-0.1,-0.1,0.058258,71.729
8,0.88972,-0.1,-0.1,0.062418,62.327
10,0.88815,-0.1,-0.1,0.046659,97.303
12,0.88676,-0.1,-0.1,0.040052,135.49
14,0.88934,-0.1,-0.1,0.033131,197.67
2,0.95222,-0.1,-0.1,0.08713,32.535
4,0.93728,-0.1,-0.1,0.073297,47.469
6,0.90297,-0.1,-0.1,0.071857,43.549
8,0.8985,-0.1,-0.1,0.058145,76.501
10,0.89825,-0.1,-0.1,0.043623,112.53
12,0.89834,-0.1,-0.1,0.036515,149.87
14,0.89897,-0.1,-0.1,0.0322,173.82
2,0.94803,-0.1,-0.1,0.094392,29.376
4,0.93255,-0.1,-0.1,0.078171,44.188
6,0.92035,-0.1,-0.1,0.059939,68.427
8,0.90918,-0.1,-0.1,0.052473,89.902
10,0.90693,-0.1,-0.1,0.039619,130.5
12,0.90813,-0.1,-0.1,0.033255,236.97
14,0.90525,-0.1,-0.1,0.030111,285.44
2,0.94669,-0.1,-0.1,0.096956,28.896
4,0.93075,-0.1,-0.1,0.08089,40.997
6,0.9199,-0.1,-0.1,0.06027,66.139
8,0.91862,-0.1,-0.1,0.046303,106.09
10,0.91923,-0.1,-0.1,0.034778,198.48
12,0.91577,-0.1,-0.1,0.029853,230.72
14,0.91506,-0.1,-0.1,0.026934,285.2
2,0.94459,-0.1,-0.1,0.10088,26.257
4,0.94043,-0.1,-0.1,0.069658,50.943
6,0.92971,-0.1,-0.1,0.05319,89.342
8,0.92953,-0.1,-0.1,0.040325,135.91
10,0.92705,-0.1,-0.1,0.030957,192.36
12,0.92983,-0.1,-0.1,0.025634,368.76
14,0.92626,-0.1,-0.1,0.023037,377.59
2,0.95484,-0.1,-0.1,0.082518,36.082
4,0.93995,-0.1,-0.1,0.070186,51.769
6,0.93913,-0.1,-0.1,0.045717,108
8,0.93941,-0.1,-0.1,0.034211,199.29
10,0.93794,-0.1,-0.1,0.02621,380.97
12,0.93789,-0.1,-0.1,0.022565,339.16
14,0.93745,-0.1,-0.1,0.019889,593.58
2,0.94999,-0.1,-0.1,0.091494,30.939
4,0.9498,-0.1,-0.1,0.058638,66.877
6,0.94992,-0.1,-0.1,0.037874,133.43
8,0.9486,-0.1,-0.1,0.029311,219.91
10,0.94951,-0.1,-0.1,0.021323,357.38
12,0.9474,-0.1,-0.1,0.018968,493.72
14,0.94945,-0.1,-0.1,0.015874,624.88
2,0.95994,-0.1,-0.1,0.073472,42.77
4,0.95959,-0.1,-0.1,0.047287,102.28
6,0.95961,-0.1,-0.1,0.030492,209.09
8,0.95806,-0.1,-0.1,0.024048,275.59
10,0.95791,-0.1,-0.1,0.017568,535.09
12,0.95592,-0.1,-0.1,0.01539,778.54
14,0.95868,-0.1,-0.1,0.012967,1210.9
2,0.96421,0,-0.1,0.06582,60.238
4,0.95035,0,-0.1,0.058792,83.821
6,0.91874,0,-0.1,0.061744,81.22
8,0.89069,0,-0.1,0.062531,76.897
10,0.87497,0,-0.1,0.054882,92.536
12,0.86551,0,-0.1,0.0494,116.29
14,0.83854,0,-0.1,0.0506,98.217
2,0.95894,0,-0.1,0.076099,50.654
4,0.9369,0,-0.1,0.074315,55.834
6,0.92828,0,-0.1,0.054708,92.059
8,0.88642,0,-0.1,0.065182,72.71
10,0.88636,0,-0.1,0.049217,115.91
12,0.84996,0,-0.1,0.055174,94.918
14,0.84914,0,-0.1,0.048084,115.79
2,0.95663,0,-0.1,0.08036,45.546
4,0.94345,0,-0.1,0.066772,70.282
6,0.91824,0,-0.1,0.062477,81.989
8,0.89615,0,-0.1,0.060112,91.078
10,0.87533,0,-0.1,0.054067,102.35
12,0.86118,0,-0.1,0.050389,105.8
14,0.85999,0,-0.1,0.043619,152.66
2,0.95759,0,-0.1,0.078418,46.845
4,0.94021,0,-0.1,0.069957,61.518
6,0.92351,0,-0.1,0.058617,88.91
8,0.89441,0,-0.1,0.061643,80.108
10,0.87493,0,-0.1,0.05473,90.759
12,0.86837,0,-0.1,0.048764,103.98
14,0.86883,0,-0.1,0.041438,166.89
2,0.96236,0,-0.1,0.069741,56.058
4,0.9378,0,-0.1,0.073305,60.417
6,0.91364,0,-0.1,0.066052,68.22
8,0.89681,0,-0.1,0.059499,77.074
10,0.87801,0,-0.1,0.05299,90.763
12,0.87594,0,-0.1,0.045357,149.52
14,0.87824,0,-0.1,0.03818,176.89
2,0.96013,0,-0.1,0.073667,49.986
4,0.93988,0,-0.1,0.070412,67.275
6,0.90691,0,-0.1,0.071148,62.416
8,0.88862,0,-0.1,0.064141,76.813
10,0.88895,0,-0.1,0.047546,117.91
12,0.88853,0,-0.1,0.040784,152.33
14,0.88569,0,-0.1,0.036145,202.06
2,0.96037,0,-0.1,0.072985,50.981
4,0.95129,0,-0.1,0.057216,81.228
6,0.923,0,-0.1,0.058574,84.556
8,0.89939,0,-0.1,0.057654,88.643
10,0.89821,0,-0.1,0.043902,162.45
12,0.89664,0,-0.1,0.03759,198.51
14,0.89885,0,-0.1,0.031841,271.26
2,0.96424,0,-0.1,0.066253,59.52
4,0.94079,0,-0.1,0.069625,66.255
6,0.91211,0,-0.1,0.06656,65.884
8,0.90913,0,-0.1,0.051996,101.12
10,0.90966,0,-0.1,0.038898,181.89
12,0.90767,0,-0.1,0.034486,248.68
14,0.90906,0,-0.1,0.029023,331.89
2,0.95933,0,-0.1,0.07491,49.219
4,0.94452,0,-0.1,0.065305,71.705
6,0.91947,0,-0.1,0.061062,80.677
8,0.9192,0,-0.1,0.046273,140.37
10,0.91972,0,-0.1,0.034756,245.51
12,0.9173,0,-0.1,0.030152,289.11
14,0.91946,0,-0.1,0.024733,435.08
2,0.9583,0,-0.1,0.076669,47.111
4,0.94613,0,-0.1,0.063252,72.391
6,0.92921,0,-0.1,0.053757,108.27
8,0.92937,0,-0.1,0.040748,149.94
10,0.92809,0,-0.1,0.030987,248.58
12,0.92884,0,-0.1,0.026374,393.63
14,0.92772,0,-0.1,0.022663,575.27
2,0.95848,0,-0.1,0.076702,48.273
4,0.94597,0,-0.1,0.063618,68.305
6,0.93944,0,-0.1,0.046134,127.76
8,0.93969,0,-0.1,0.034147,216.43
10,0.93897,0,-0.1,0.026869,436.45
12,0.93751,0,-0.1,0.022248,398.14
14,0.93717,0,-0.1,0.019523,791.45
2,0.96483,0,-0.1,0.064795,60.677
4,0.94956,0,-0.1,0.058806,81.002
6,0.9487,0,-0.1,0.039302,163.36
8,0.94833,0,-0.1,0.029858,279.37
10,0.94806,0,-0.1,0.022121,497.62
12,0.94745,0,-0.1,0.018931,640.6
14,0.94415,0,-0.1,0.017281,693.29
2,0.95998,0,-0.1,0.073751,49.943
4,0.95981,0,-0.1,0.047568,112.18
6,0.95901,0,-0.1,0.031546,229.65
8,0.95925,0,-0.1,0.023598,420.17
10,0.95995,0,-0.1,0.017446,565.2
12,0.95862,0,-0.1,0.014961,848.04
14,0.95253,0,-0.1,0.015009,784.62
2,0.95761,0.2,-0.1,0.077246,59.841
4,0.9363,0.2,-0.1,0.074189,74.821
6,0.9048,0.2,-0.1,0.070596,81.09
8,0.8674,0.2,-0.1,0.074852,72.458
10,0.84927,0.2,-0.1,0.063333,92.17
12,0.83793,0.2,-0.1,0.058672,97.832
14,0.83766,0.2,-0.1,0.049627,142.57
2,0.94791,0.2,-0.1,0.095052,45.481
4,0.92887,0.2,-0.1,0.082607,62.828
6,0.90971,0.2,-0.1,0.067809,85.783
8,0.88278,0.2,-0.1,0.066813,83.944
10,0.84896,0.2,-0.1,0.064018,83.968
12,0.86988,0.2,-0.1,0.04712,163.47
14,0.84611,0.2,-0.1,0.04798,147.83
2,0.95091,0.2,-0.1,0.089188,51.59
4,0.92935,0.2,-0.1,0.082149,64.166
6,0.90305,0.2,-0.1,0.072705,79.035
8,0.89235,0.2,-0.1,0.060987,104.66
10,0.85989,0.2,-0.1,0.058642,112.93
12,0.85973,0.2,-0.1,0.048932,158.28
14,0.85933,0.2,-0.1,0.044804,156.39
2,0.95544,0.2,-0.1,0.081474,56.153
4,0.94317,0.2,-0.1,0.066523,79.873
6,0.90422,0.2,-0.1,0.071295,83.499
8,0.86969,0.2,-0.1,0.073452,73.94
10,0.86949,0.2,-0.1,0.055597,117.77
12,0.86829,0.2,-0.1,0.047694,153.84
14,0.86822,0.2,-0.1,0.041647,207.37
2,0.96323,0.2,-0.1,0.067124,73.589
4,0.92839,0.2,-0.1,0.084203,62.52
6,0.90343,0.2,-0.1,0.071882,73.79
8,0.87879,0.2,-0.1,0.068659,86.148
10,0.87902,0.2,-0.1,0.051968,130.45
12,0.87804,0.2,-0.1,0.044258,159.4
14,0.8789,0.2,-0.1,0.037551,265.78
2,0.94799,0.2,-0.1,0.094904,44.36
4,0.92209,0.2,-0.1,0.090464,56.185
6,0.89937,0.2,-0.1,0.075531,72.939
8,0.90356,0.2,-0.1,0.055259,118.8
10,0.88983,0.2,-0.1,0.04611,147.29
12,0.8873,0.2,-0.1,0.040582,220
14,0.88703,0.2,-0.1,0.035779,226.75
2,0.94454,0.2,-0.1,0.10052,43.548
4,0.9293,0.2,-0.1,0.082279,64.476
6,0.91385,0.2,-0.1,0.064248,88.226
8,0.89973,0.2,-0.1,0.057269,121.42
10,0.89671,0.2,-0.1,0.043503,160.62
12,0.89608,0.2,-0.1,0.037942,240.7
14,0.89495,0.2,-0.1,0.033528,302.7
2,0.94975,0.2,-0.1,0.091512,48.133
4,0.93224,0.2,-0.1,0.079615,65.557
6,0.90987,0.2,-0.1,0.067849,83.227
8,0.90827,0.2,-0.1,0.051645,144.65
10,0.90988,0.2,-0.1,0.038883,220.19
12,0.90743,0.2,-0.1,0.033467,288.13
14,0.90741,0.2,-0.1,0.028573,398.69
2,0.95272,0.2,-0.1,0.086446,51.921
4,0.92587,0.2,-0.1,0.086803,58.997
6,0.9197,0.2,-0.1,0.060672,97.758
8,0.91999,0.2,-0.1,0.046139,173.1
10,0.91737,0.2,-0.1,0.035372,253.09
12,0.9182,0.2,-0.1,0.02917,365.23
14,0.91792,0.2,-0.1,0.025281,535.16
2,0.95911,0.2,-0.1,0.074657,63.414
4,0.93878,0.2,-0.1,0.071467,77.241
6,0.92991,0.2,-0.1,0.053201,133.39
8,0.92773,0.2,-0.1,0.040827,225.75
10,0.92727,0.2,-0.1,0.031525,316.07
12,0.92842,0.2,-0.1,0.025823,496.18
14,0.9286,0.2,-0.1,0.022004,625.24
2,0.94465,0.2,-0.1,0.1004,42.156
4,0.94005,0.2,-0.1,0.070083,80.571
6,0.93918,0.2,-0.1,0.045875,165.63
8,0.9394,0.2,-0.1,0.034761,274.24
10,0.93712,0.2,-0.1,0.02688,480.83
12,0.93517,0.2,-0.1,0.022698,535.16
14,0.93746,0.2,-0.1,0.019852,736.15
2,0.95954,0.2,-0.1,0.073838,65.216
4,0.94973,0.2,-0.1,0.05867,104.97
6,0.94991,0.2,-0.1,0.037762,202.04
8,0.94969,0.2,-0.1,0.028588,372.82
10,0.94944,0.2,-0.1,0.021362,498.68
12,0.94784,0.2,-0.1,0.018768,872.46
14,0.94767,0.2,-0.1,0.015946,854.75
2,0.96617,0.2,-0.1,0.061733,81.509
4,0.9597,0.2,-0.1,0.047005,160.8
6,0.95986,0.2,-0.1,0.030702,305.46
8,0.95953,0.2,-0.1,0.022841,694.91
10,0.95909,0.2,-0.1,0.017299,1024.1
12,0.95898,0.2,-0.1,0.014783,1172.2
14,0.95865,0.2,-0.1,0.013022,1184.1
2,0.94637,1,-0.1,0.093647,56.806
4,0.89748,1,-0.1,0.11314,48.059
6,0.89144,1,-0.1,0.074997,82.37
8,0.84985,1,-0.1,0.080097,73.004
10,0.83951,1,-0.1,0.063826,91.129
12,0.83936,1,-0.1,0.053184,124.21
14,0.83938,1,-0.1,0.047361,164.2
2,0.93472,1,-0.1,0.11386,42.485
4,0.9083,1,-0.1,0.10155,57.572
6,0.87742,1,-0.1,0.086163,64.627
8,0.85526,1,-0.1,0.075963,79.845
10,0.84902,1,-0.1,0.060997,116.65
12,0.84787,1,-0.1,0.051088,159.76
14,0.84526,1,-0.1,0.046549,196.32
2,0.94852,1,-0.1,0.08931,56.965
4,0.92138,1,-0.1,0.087832,71.515
6,0.87226,1,-0.1,0.088715,58.693
8,0.85979,1,-0.1,0.073941,86.057
10,0.8584,1,-0.1,0.057119,111.43
12,0.85687,1,-0.1,0.04711,177.33
14,0.85668,1,-0.1,0.041581,278.46
2,0.94147,1,-0.1,0.10163,50.806
4,0.90103,1,-0.1,0.11035,48.118
6,0.86987,1,-0.1,0.091883,54.792
8,0.86933,1,-0.1,0.069476,97.856
10,0.86831,1,-0.1,0.052053,151.2
12,0.86756,1,-0.1,0.043944,216.15
14,0.86999,1,-0.1,0.038482,308.17
2,0.93439,1,-0.1,0.1142,41.217
4,0.91807,1,-0.1,0.091929,60.841
6,0.8799,1,-0.1,0.08433,67.96
8,0.87996,1,-0.1,0.063163,114.67
10,0.87691,1,-0.1,0.048352,166.62
12,0.87786,1,-0.1,0.040652,208.66
14,0.87857,1,-0.1,0.036491,290.48
2,0.93752,1,-0.1,0.10872,44.322
4,0.89626,1,-0.1,0.11629,45.208
6,0.88945,1,-0.1,0.076917,79.725
8,0.88828,1,-0.1,0.059939,122.03
10,0.88863,1,-0.1,0.043025,210.21
12,0.88984,1,-0.1,0.036908,323.83
14,0.88752,1,-0.1,0.031652,395.77
2,0.94857,1,-0.1,0.089554,58.655
4,0.91528,1,-0.1,0.094641,64.032
6,0.89999,1,-0.1,0.071972,81.763
8,0.89873,1,-0.1,0.055005,163.22
10,0.89919,1,-0.1,0.040229,237.08
12,0.89827,1,-0.1,0.034008,317.5
14,0.8976,1,-0.1,0.029084,376.32
2,0.94505,1,-0.1,0.096459,53.649
4,0.92332,1,-0.1,0.085827,69.541
6,0.90984,1,-0.1,0.0636,105.7
8,0.90893,1,-0.1,0.049856,142.41
10,0.90808,1,-0.1,0.036609,210.86
12,0.90883,1,-0.1,0.0309,364.04
14,0.90532,1,-0.1,0.02816,384.49
2,0.94664,1,-0.1,0.092478,56.377
4,0.91994,1,-0.1,0.089687,68.175
6,0.91912,1,-0.1,0.055953,135.56
8,0.91983,1,-0.1,0.042628,197.91
10,0.91897,1,-0.1,0.03187,387.95
12,0.91802,1,-0.1,0.027771,373.91
14,0.91662,1,-0.1,0.02454,776.47
2,0.9426,1,-0.1,0.10158,48.873
4,0.93367,1,-0.1,0.074797,81.447
6,0.92979,1,-0.1,0.049809,157.11
8,0.92915,1,-0.1,0.038022,256.41
10,0.92858,1,-0.1,0.02825,324.1
12,0.92775,1,-0.1,0.025259,472.84
14,0.92673,1,-0.1,0.022195,812.09
2,0.93997,1,-0.1,0.10547,45.705
4,0.93995,1,-0.1,0.06658,101.65
6,0.93888,1,-0.1,0.044173,190.54
8,0.93919,1,-0.1,0.033026,326.5
10,0.93998,1,-0.1,0.024386,567.85
12,0.93881,1,-0.1,0.020351,654.33
14,0.93869,1,-0.1,0.01761,935.64
2,0.94993,1,-0.1,0.087761,60.223
4,0.94954,1,-0.1,0.055983,151.19
6,0.94869,1,-0.1,0.036756,254.08
8,0.94997,1,-0.1,0.027442,398.2
10,0.94679,1,-0.1,0.021418,727.82
12,0.94823,1,-0.1,0.017598,849.01
14,0.94546,1,-0.1,0.016398,991.83
2,0.95989,1,-0.1,0.069315,80.473
4,0.95953,1,-0.1,0.045947,176.24
6,0.95919,1,-0.1,0.028347,440.17
8,0.95852,1,-0.1,0.02265,543.79
10,0.95785,1,-0.1,0.016901,800.45
12,0.95588,1,-0.1,0.014699,1212.3
14,0.95551,1,-0.1,0.012751,1286.4
2,0.95818,-0.5,0,0.075696,39.776
4,0.96144,-0.5,0,0.044257,102.5
6,0.92013,-0.5,0,0.058089,74.559
8,0.89322,-0.5,0,0.058499,65.468
10,0.86664,-0.5,0,0.053228,72.544
12,0.85035,-0.5,0,0.050529,72.546
14,0.83808,-0.5,0,0.047582,90.228
2,0.96076,-0.5,0,0.070745,42.768
4,0.9393,-0.5,0,0.069199,51.694
6,0.89755,-0.5,0,0.073993,45.136
8,0.87291,-0.5,0,0.069888,43.353
10,0.84665,-0.5,0,0.062367,53.53
12,0.86501,-0.5,0,0.045133,93.306
14,0.85002,-0.5,0,0.043561,109.08
2,0.96084,-0.5,0,0.070909,46.013
4,0.93864,-0.5,0,0.069981,48.607
6,0.89722,-0.5,0,0.075635,42.24
8,0.89036,-0.5,0,0.061351,62.119
10,0.85996,-0.5,0,0.057549,59.969
12,0.85446,-0.5,0,0.05041,75.21
14,0.85627,-0.5,0,0.042583,123.03
2,0.95815,-0.5,0,0.074816,39.131
4,0.94802,-0.5,0,0.060671,66.83
6,0.93195,-0.5,0,0.049575,81.055
8,0.88255,-0.5,0,0.0633,58.638
10,0.8663,-0.5,0,0.055234,65.016
12,0.8697,-0.5,0,0.044857,89.352
14,0.86966,-0.5,0,0.038031,156.23
2,0.96827,-0.5,0,0.056979,58.011
4,0.93847,-0.5,0,0.071907,50.045
6,0.91105,-0.5,0,0.065146,59.343
8,0.90566,-0.5,0,0.051944,76.071
10,0.87885,-0.5,0,0.049404,91.09
12,0.87996,-0.5,0,0.041301,119.91
14,0.87927,-0.5,0,0.035718,154.92
2,0.96275,-0.5,0,0.067441,48.29
4,0.93841,-0.5,0,0.070823,51.294
6,0.92627,-0.5,0,0.053853,81.674
8,0.9009,-0.5,0,0.054464,77.913
10,0.88948,-0.5,0,0.045328,108.84
12,0.88741,-0.5,0,0.038161,124.95
14,0.88673,-0.5,0,0.034194,180.9
2,0.95532,-0.5,0,0.081277,35.027
4,0.93963,-0.5,0,0.069948,47.408
6,0.90747,-0.5,0,0.06842,49.09
8,0.89937,-0.5,0,0.055533,76.968
10,0.89758,-0.5,0,0.042324,106.56
12,0.89511,-0.5,0,0.035872,140.87
14,0.89307,-0.5,0,0.032959,188.62
2,0.9636,-0.5,0,0.066441,49.457
4,0.9398,-0.5,0,0.069961,52.872
6,0.90887,-0.5,0,0.065076,49.241
8,0.90962,-0.5,0,0.049492,86.63
10,0.90726,-0.5,0,0.036759,150.67
12,0.90838,-0.5,0,0.030783,209.21
14,0.90929,-0.5,0,0.027592,224.37
2,0.97085,-0.5,0,0.052594,63.921
4,0.93834,-0.5,0,0.071052,48.379
6,0.91995,-0.5,0,0.057826,67.485
8,0.91784,-0.5,0,0.045275,114.33
10,0.91917,-0.5,0,0.033443,191.6
12,0.9199,-0.5,0,0.026824,243.26
14,0.91466,-0.5,0,0.025125,246.52
2,0.95605,-0.5,0,0.080025,37.14
4,0.95502,-0.5,0,0.051307,90.158
6,0.92995,-0.5,0,0.05072,93.309
8,0.92893,-0.5,0,0.039355,122.31
10,0.92727,-0.5,0,0.028645,228.31
12,0.92671,-0.5,0,0.02567,236.87
14,0.92736,-0.5,0,0.022124,354.34
2,0.9698,-0.5,0,0.054718,62.871
4,0.94527,-0.5,0,0.064747,60.981
6,0.93929,-0.5,0,0.043696,109.47
8,0.9396,-0.5,0,0.033678,185.86
10,0.93821,-0.5,0,0.024956,263.05
12,0.93405,-0.5,0,0.02232,380.33
14,0.93612,-0.5,0,0.019179,445.79
2,0.95832,-0.5,0,0.075318,37.929
4,0.94953,-0.5,0,0.059129,72.612
6,0.94957,-0.5,0,0.036799,129.48
8,0.94785,-0.5,0,0.028935,238.09
10,0.94636,-0.5,0,0.020226,326.13
12,0.94558,-0.5,0,0.019061,491.31
14,0.94374,-0.5,0,0.01654,427.17
2,0.96794,-0.5,0,0.058222,60.429
4,0.95945,-0.5,0,0.046568,87.326
6,0.95969,-0.5,0,0.029499,189.96
8,0.95978,-0.5,0,0.022441,297.08
10,0.95885,-0.5,0,0.016701,403.57
12,0.95832,-0.5,0,0.01436,667.12
14,0.95292,-0.5,0,0.01428,681.41
2,0.96193,-0.1,0,0.066233,46.501
4,0.94461,-0.1,0,0.063003,62.344
6,0.92161,-0.1,0,0.058306,74.913
8,0.88988,-0.1,0,0.061866,67.61
10,0.85054,-0.1,0,0.06326,58.06
12,0.841,-0.1,0,0.056567,74.321
14,0.83555,-0.1,0,0.050606,83.147
2,0.9635,-0.1,0,0.064792,49.595
4,0.94408,-0.1,0,0.062612,57.336
6,0.93338,-0.1,0,0.049195,97.116
8,0.90479,-0.1,0,0.053005,96.304
10,0.86336,-0.1,0,0.057803,72.745
12,0.84879,-0.1,0,0.054473,69.702
14,0.84984,-0.1,0,0.045321,110.83
2,0.97357,-0.1,0,0.045905,76.83
4,0.94216,-0.1,0,0.065728,56.427
6,0.91541,-0.1,0,0.061279,66.632
8,0.89863,-0.1,0,0.056877,79.644
10,0.86664,-0.1,0,0.055203,76.644
12,0.85946,-0.1,0,0.049716,85.191
14,0.85955,-0.1,0,0.042916,115.79
2,0.95592,-0.1,0,0.078119,37.953
4,0.94447,-0.1,0,0.062119,61.79
6,0.91433,-0.1,0,0.062606,64.911
8,0.89441,-0.1,0,0.059122,77.44
10,0.86998,-0.1,0,0.056446,78.275
12,0.86865,-0.1,0,0.047075,87.446
14,0.86977,-0.1,0,0.040412,172.94
2,0.95738,-0.1,0,0.073911,39.923
4,0.94522,-0.1,0,0.060596,63.331
6,0.90816,-0.1,0,0.068228,56.577
8,0.88704,-0.1,0,0.062529,68.076
10,0.88918,-0.1,0,0.046586,100.44
12,0.87989,-0.1,0,0.04223,126.97
14,0.87968,-0.1,0,0.03628,141.51
2,0.96531,-0.1,0,0.061466,53.873
4,0.9434,-0.1,0,0.064492,61.647
6,0.91093,-0.1,0,0.064735,59.99
8,0.90357,-0.1,0,0.051593,95.749
10,0.88942,-0.1,0,0.046121,105.33
12,0.88561,-0.1,0,0.040957,138.97
14,0.88887,-0.1,0,0.035277,161.75
2,0.96191,-0.1,0,0.06688,46.302
4,0.94078,-0.1,0,0.06646,56.957
6,0.91757,-0.1,0,0.060399,67.183
8,0.89966,-0.1,0,0.056966,80.197
10,0.89815,-0.1,0,0.043553,135.3
12,0.89875,-0.1,0,0.03542,174.01
14,0.89793,-0.1,0,0.031503,228.49
2,0.96925,-0.1,0,0.053259,60.756
4,0.94813,-0.1,0,0.058732,66.135
6,0.92281,-0.1,0,0.057084,76.364
8,0.90952,-0.1,0,0.049171,109.56
10,0.90902,-0.1,0,0.037885,147.21
12,0.90783,-0.1,0,0.032907,203.09
14,0.90742,-0.1,0,0.028357,311.37
2,0.96101,-0.1,0,0.068855,45.085
4,0.93915,-0.1,0,0.067925,52.187
6,0.91928,-0.1,0,0.059182,70.648
8,0.91893,-0.1,0,0.046057,113.49
10,0.91966,-0.1,0,0.033685,205.38
12,0.91652,-0.1,0,0.030024,227.85
14,0.91744,-0.1,0,0.024641,304.28
2,0.95265,-0.1,0,0.082089,35.415
4,0.93851,-0.1,0,0.068807,51.692
6,0.93901,-0.1,0,0.045168,107.72
8,0.92885,-0.1,0,0.039257,144.56
10,0.92964,-0.1,0,0.028986,195.97
12,0.92606,-0.1,0,0.025665,319.43
14,0.92665,-0.1,0,0.022904,368.23
2,0.96114,-0.1,0,0.069558,45.336
4,0.94197,-0.1,0,0.065035,57.081
6,0.93923,-0.1,0,0.044463,117.87
8,0.93929,-0.1,0,0.033328,176.15
10,0.93802,-0.1,0,0.025434,295.26
12,0.93677,-0.1,0,0.022622,399.04
14,0.93889,-0.1,0,0.019054,437.23
2,0.95999,-0.1,0,0.071067,43.888
4,0.9602,-0.1,0,0.045558,96.445
6,0.94966,-0.1,0,0.037217,146.54
8,0.94938,-0.1,0,0.028486,234.29
10,0.94797,-0.1,0,0.021739,360.93
12,0.94741,-0.1,0,0.018711,375.07
14,0.94608,-0.1,0,0.016416,684.63
2,0.96058,-0.1,0,0.069053,43.763
4,0.95989,-0.1,0,0.043981,93.891
6,0.95901,-0.1,0,0.030552,181.41
8,0.95907,-0.1,0,0.023196,331.28
10,0.95838,-0.1,0,0.017816,444.53
12,0.95716,-0.1,0,0.015338,633.22
14,0.95686,-0.1,0,0.012442,1063.7
2,0.96032,0,0,0.068866,45.315
4,0.94544,0,0,0.061218,66.81
6,0.92887,0,0,0.052209,86.693
8,0.90862,0,0,0.049412,94.637
10,0.84379,0,0,0.066673,51.257
12,0.83549,0,0,0.057695,71.587
14,0.83934,0,0,0.050324,94.88
2,0.9593,0,0,0.071556,43.95
4,0.94173,0,0,0.063609,57.524
6,0.9174,0,0,0.058674,66.397
8,0.9037,0,0,0.053657,91.155
10,0.89,0,0,0.045818,103.78
12,0.84834,0,0,0.054537,75.731
14,0.84818,0,0,0.0458,95.954
2,0.96009,0,0,0.070178,45.754
4,0.94627,0,0,0.060371,69.104
6,0.91109,0,0,0.065699,63.256
8,0.90306,0,0,0.053333,83.461
10,0.85943,0,0,0.059806,71.706
12,0.86931,0,0,0.046331,107.91
14,0.86317,0,0,0.042132,131.08
2,0.95925,0,0,0.071608,44.082
4,0.94379,0,0,0.062938,64.663
6,0.91033,0,0,0.065585,57.981
8,0.8908,0,0,0.060297,71.596
10,0.86707,0,0,0.055335,72.159
12,0.86589,0,0,0.047154,109.92
14,0.86594,0,0,0.040036,164.79
2,0.95703,0,0,0.074206,40.421
4,0.94596,0,0,0.058418,62.956
6,0.92492,0,0,0.054693,83.261
8,0.89434,0,0,0.060056,75.24
10,0.87907,0,0,0.050627,92.286
12,0.87996,0,0,0.041574,141.69
14,0.87752,0,0,0.039245,174.1
2,0.95518,0,0,0.078705,39.157
4,0.94124,0,0,0.06459,56.22
6,0.91601,0,0,0.061496,70.257
8,0.89525,0,0,0.05667,77.211
10,0.88723,0,0,0.047851,101.82
12,0.88902,0,0,0.039924,151.25
14,0.88797,0,0,0.034281,186.58
2,0.96249,0,0,0.066014,50.822
4,0.9337,0,0,0.073009,48.253
6,0.92371,0,0,0.055123,78.308
8,0.90599,0,0,0.051478,88.517
10,0.89858,0,0,0.041859,136.45
12,0.89804,0,0,0.035744,209.57
14,0.89508,0,0,0.032315,213.75
2,0.95613,0,0,0.076548,40.372
4,0.94433,0,0,0.06152,60.501
6,0.91387,0,0,0.062356,67.367
8,0.90909,0,0,0.04992,98.28
10,0.90977,0,0,0.037395,174.69
12,0.90951,0,0,0.030401,202.07
14,0.90983,0,0,0.027455,268.42
2,0.96313,0,0,0.063914,50.533
4,0.94123,0,0,0.064617,58.347
6,0.92105,0,0,0.057513,81.64
8,0.91938,0,0,0.044301,133.49
10,0.91778,0,0,0.03552,196.45
12,0.91937,0,0,0.028609,249.38
14,0.91906,0,0,0.023962,292.45
2,0.9576,0,0,0.074316,41.803
4,0.95121,0,0,0.054769,76.085
6,0.92994,0,0,0.050997,94.524
8,0.92829,0,0,0.040032,136.28
10,0.92776,0,0,0.030334,270.85
12,0.92608,0,0,0.026282,283.73
14,0.92405,0,0,0.022965,412.73
2,0.95988,0,0,0.069051,44.402
4,0.93992,0,0,0.06612,56.454
6,0.93951,0,0,0.044543,112.48
8,0.93883,0,0,0.033807,206.64
10,0.939,0,0,0.025777,277.48
12,0.93649,0,0,0.023023,406.43
14,0.93727,0,0,0.0188,433.29
2,0.96013,0,0,0.069863,46.518
4,0.94967,0,0,0.056511,75.356
6,0.94993,0,0,0.036427,154.09
8,0.94981,0,0,0.027527,267.8
10,0.94754,0,0,0.02214,382.49
12,0.94506,0,0,0.019269,572.34
14,0.9484,0,0,0.016359,726.25
2,0.95999,0,0,0.070421,45.475
4,0.96,0,0,0.043671,95.512
6,0.95907,0,0,0.030123,220.24
8,0.95854,0,0,0.023101,326.79
10,0.95679,0,0,0.018614,612.86
12,0.95966,0,0,0.014103,1002.1
14,0.95888,0,0,0.013272,1047.9
2,0.95267,0.2,0,0.083284,38.996
4,0.94498,0.2,0,0.062034,68.638
6,0.92468,0.2,0,0.055798,85.206
8,0.90503,0.2,0,0.053003,107.27
10,0.87389,0.2,0,0.053014,94.409
12,0.86962,0.2,0,0.046083,122.26
14,0.83706,0.2,0,0.049762,91.428
2,0.96969,0.2,0,0.053319,72.163
4,0.94182,0.2,0,0.065044,66.852
6,0.92795,0.2,0,0.053612,89.75
8,0.91002,0.2,0,0.049871,117.11
10,0.876,0.2,0,0.052906,109.2
12,0.84993,0.2,0,0.052063,86.238
14,0.84824,0.2,0,0.046762,100.76
2,0.9595,0.2,0,0.071796,51.107
4,0.94019,0.2,0,0.066886,58.072
6,0.92302,0.2,0,0.057261,87.918
8,0.88844,0.2,0,0.062193,70.137
10,0.87322,0.2,0,0.053634,84.916
12,0.85756,0.2,0,0.050152,102.23
14,0.8557,0.2,0,0.041623,144.43
2,0.95845,0.2,0,0.073134,45.95
4,0.94796,0.2,0,0.059667,80.731
6,0.93178,0.2,0,0.050432,104.85
8,0.8748,0.2,0,0.068875,57.365
10,0.8696,0.2,0,0.055127,84.171
12,0.86931,0.2,0,0.04532,118.49
14,0.86923,0.2,0,0.040542,186.32
2,0.96172,0.2,0,0.066096,50.899
4,0.94238,0.2,0,0.064479,66.217
6,0.91016,0.2,0,0.064679,63.187
8,0.87818,0.2,0,0.063707,51.911
10,0.87934,0.2,0,0.051323,94.925
12,0.87962,0.2,0,0.04241,123.52
14,0.87977,0.2,0,0.037444,199.42
2,0.96692,0.2,0,0.058742,63.827
4,0.94448,0.2,0,0.061315,66.085
6,0.90452,0.2,0,0.067811,59.317
8,0.9063,0.2,0,0.051919,108.01
10,0.8896,0.2,0,0.046248,122.67
12,0.88974,0.2,0,0.038432,176.76
14,0.88547,0.2,0,0.034899,188.78
2,0.96482,0.2,0,0.062138,60.861
4,0.9405,0.2,0,0.066061,60.639
6,0.91274,0.2,0,0.06347,65.799
8,0.91694,0.2,0,0.045947,121.5
10,0.89984,0.2,0,0.042422,141.71
12,0.89911,0.2,0,0.035859,226.6
14,0.8973,0.2,0,0.030785,252.44
2,0.95727,0.2,0,0.07576,45.918
4,0.93929,0.2,0,0.069299,63.008
6,0.91174,0.2,0,0.064613,61.717
8,0.90868,0.2,0,0.050775,104.39
10,0.90744,0.2,0,0.038068,147.32
12,0.90706,0.2,0,0.032249,211.4
14,0.9086,0.2,0,0.028864,287.81
2,0.96298,0.2,0,0.065043,53.381
4,0.94263,0.2,0,0.064869,67.178
6,0.91985,0.2,0,0.059043,87.242
8,0.91853,0.2,0,0.04459,113.08
10,0.91945,0.2,0,0.03419,189.69
12,0.91884,0.2,0,0.029853,320.48
14,0.91468,0.2,0,0.025215,356.8
2,0.95675,0.2,0,0.075129,42.023
4,0.94284,0.2,0,0.064538,67.038
6,0.92973,0.2,0,0.050549,93.239
8,0.9295,0.2,0,0.039654,186.65
10,0.92658,0.2,0,0.030857,248.19
12,0.92736,0.2,0,0.025978,455.07
14,0.9253,0.2,0,0.022421,548.07
2,0.95588,0.2,0,0.07707,41.435
4,0.94782,0.2,0,0.058139,73.351
6,0.94,0.2,0,0.043379,127.04
8,0.93947,0.2,0,0.033561,193.15
10,0.93664,0.2,0,0.026577,330.58
12,0.93697,0.2,0,0.022616,432.91
14,0.93691,0.2,0,0.018605,497.44
2,0.95536,0.2,0,0.078212,41.409
4,0.94975,0.2,0,0.056983,89.026
6,0.9487,0.2,0,0.037532,161.24
8,0.94883,0.2,0,0.027084,282.94
10,0.94691,0.2,0,0.022556,505.12
12,0.9475,0.2,0,0.018426,577.28
14,0.94827,0.2,0,0.01617,917.4
2,0.9614,0.2,0,0.068205,51.243
4,0.95953,0.2,0,0.045542,115.6
6,0.95934,0.2,0,0.030047,236.48
8,0.95906,0.2,0,0.02299,419.83
10,0.95939,0.2,0,0.016795,651.9
12,0.95696,0.2,0,0.015032,647.01
14,0.95998,0.2,0,0.012135,913.96
2,0.96618,1,0,0.061264,73.644
4,0.94093,1,0,0.067661,61.132
6,0.9074,1,0,0.066781,67.272
8,0.89699,1,0,0.056461,108.58
10,0.89627,1,0,0.041467,147.99
12,0.85635,1,0,0.048294,131.2
14,0.83956,1,0,0.047858,94.393
2,0.95463,1,0,0.082658,48.199
4,0.92313,1,0,0.087342,53.32
6,0.90343,1,0,0.068235,58.544
8,0.89465,1,0,0.059642,89.261
10,0.86963,1,0,0.052126,105.8
12,0.84598,1,0,0.052378,84.461
14,0.84707,1,0,0.044604,114.54
2,0.96665,1,0,0.06011,80.939
4,0.93643,1,0,0.072933,65.432
6,0.90087,1,0,0.070842,64.435
8,0.88238,1,0,0.064779,69.316
10,0.85876,1,0,0.057411,98.407
12,0.85646,1,0,0.050093,106.56
14,0.85946,1,0,0.042211,158.65
2,0.95885,1,0,0.074115,55.924
4,0.94004,1,0,0.068634,64.727
6,0.91754,1,0,0.059577,100.02
8,0.8875,1,0,0.062082,93.446
10,0.86947,1,0,0.054508,102.43
12,0.86885,1,0,0.045778,120.36
14,0.86534,1,0,0.040117,142.09
2,0.95224,1,0,0.0866,43.296
4,0.94081,1,0,0.067954,74.928
6,0.89369,1,0,0.078181,61.977
8,0.89865,1,0,0.056256,110.27
10,0.87952,1,0,0.049825,129.87
12,0.87971,1,0,0.042372,169.64
14,0.8743,1,0,0.037465,160.34
2,0.95714,1,0,0.077283,49.739
4,0.92599,1,0,0.085754,47.673
6,0.90367,1,0,0.069918,61.563
8,0.89,1,0,0.060324,83.455
10,0.88869,1,0,0.045615,123.96
12,0.88809,1,0,0.038989,159.51
14,0.88959,1,0,0.032505,295.14
2,0.96221,1,0,0.067528,62.808
4,0.93092,1,0,0.078126,56.279
6,0.91667,1,0,0.060189,87.863
8,0.89857,1,0,0.054515,119.61
10,0.89643,1,0,0.041538,166.43
12,0.89682,1,0,0.034754,192.16
14,0.89842,1,0,0.030428,269.73
2,0.94822,1,0,0.093099,40.116
4,0.93983,1,0,0.070468,61.712
6,0.92356,1,0,0.054702,113.04
8,0.90895,1,0,0.051133,115.38
10,0.90994,1,0,0.036467,201.32
12,0.90989,1,0,0.030788,268
14,0.90399,1,0,0.028169,333.35
2,0.96776,1,0,0.057989,80.34
4,0.93657,1,0,0.074481,57.603
6,0.91858,1,0,0.059468,84.584
8,0.91811,1,0,0.044901,139.87
10,0.91965,1,0,0.033023,219.97
12,0.91934,1,0,0.028077,395.08
14,0.91437,1,0,0.025214,456.03
2,0.96488,1,0,0.063695,65.634
4,0.93738,1,0,0.074043,64.902
6,0.93463,1,0,0.048021,126.39
8,0.92916,1,0,0.03769,203.12
10,0.92759,1,0,0.028915,305.66
12,0.92609,1,0,0.025652,338.11
14,0.92654,1,0,0.022937,527.1
2,0.95069,1,0,0.09058,42.142
4,0.93998,1,0,0.070375,72.509
6,0.93884,1,0,0.043538,115.8
8,0.9387,1,0,0.033624,259.62
10,0.93637,1,0,0.026188,299.93
12,0.93921,1,0,0.020618,532.44
14,0.93806,1,0,0.018614,1146.8
2,0.96189,1,0,0.068841,63.813
4,0.94982,1,0,0.057829,85.524
6,0.94894,1,0,0.037067,189.98
8,0.94895,1,0,0.028081,351.42
10,0.94816,1,0,0.021955,434.66
12,0.94864,1,0,0.017168,625.39
14,0.94924,1,0,0.015149,817.22
2,0.9599,1,0,0.071909,54.871
4,0.95939,1,0,0.046925,127.68
6,0.9595,1,0,0.029113,266.89
8,0.95888,1,0,0.023127,334.82
10,0.95834,1,0,0.016542,747.2
12,0.95521,1,0,0.014805,785.91
14,0.95822,1,0,0.013068,1084.9
2,0.92414,-0.1,0.2,0.12145,16.899
4,0.89603,-0.1,0.2,0.1064,21.038
6,0.85721,-0.1,0.2,0.096248,23.498
8,0.8716,-0.1,0.2,0.066737,47.57
10,0.83711,-0.1,0.2,0.063621,34.914
12,0.83571,-0.1,0.2,0.054343,63.387
14,0.8378,-0.1,0.2,0.047399,97.702
2,0.93747,-0.1,0.2,0.1013,22.023
4,0.90996,-0.1,0.2,0.092009,25.711
6,0.88349,-0.1,0.2,0.080369,34.504
8,0.84939,-0.1,0.2,0.077419,33.114
10,0.84987,-0.1,0.2,0.059328,61.956
12,0.84706,-0.1,0.2,0.051576,73.647
14,0.84669,-0.1,0.2,0.042794,85.091
2,0.92965,-0.1,0.2,0.11206,18.599
4,0.90982,-0.1,0.2,0.093109,26.437
6,0.86306,-0.1,0.2,0.093198,25.518
8,0.85849,-0.1,0.2,0.071913,38.944
10,0.8593,-0.1,0.2,0.05613,68.556
12,0.85914,-0.1,0.2,0.04685,89.225
14,0.85565,-0.1,0.2,0.042621,132.22
2,0.93574,-0.1,0.2,0.10373,21.4
4,0.92056,-0.1,0.2,0.082862,32.344
6,0.89826,-0.1,0.2,0.069898,46.214
8,0.86829,-0.1,0.2,0.067561,41.342
10,0.86902,-0.1,0.2,0.052296,77.419
12,0.86907,-0.1,0.2,0.044029,94.544
14,0.86524,-0.1,0.2,0.038575,135.88
2,0.93243,-0.1,0.2,0.10907,20.251
4,0.89495,-0.1,0.2,0.1081,19.857
6,0.8796,-0.1,0.2,0.081898,34.339
8,0.87945,-0.1,0.2,0.061967,55.761
10,0.87981,-0.1,0.2,0.048354,87.383
12,0.87735,-0.1,0.2,0.042488,124.93
14,0.87697,-0.1,0.2,0.035077,138.19
2,0.92488,-0.1,0.2,0.12005,17.005
4,0.91006,-0.1,0.2,0.093262,27.713
6,0.89231,-0.1,0.2,0.072558,40.558
8,0.88933,-0.1,0.2,0.057631,58.869
10,0.88653,-0.1,0.2,0.044356,108.18
12,0.88905,-0.1,0.2,0.036417,103.9
14,0.88875,-0.1,0.2,0.03202,184.52
2,0.95196,-0.1,0.2,0.078117,31.218
4,0.91003,-0.1,0.2,0.092589,27.206
6,0.89891,-0.1,0.2,0.068949,49.392
8,0.89908,-0.1,0.2,0.052344,65.048
10,0.89968,-0.1,0.2,0.039299,115.85
12,0.89674,-0.1,0.2,0.034189,139.75
14,0.8943,-0.1,0.2,0.031632,236.04
2,0.94786,-0.1,0.2,0.083638,29.791
4,0.92592,-0.1,0.2,0.077509,38.078
6,0.90892,-0.1,0.2,0.0605,53.948
8,0.90927,-0.1,0.2,0.047344,83.908
10,0.90655,-0.1,0.2,0.036955,140.57
12,0.90752,-0.1,0.2,0.031724,227.62
14,0.90944,-0.1,0.2,0.026595,210.62
2,0.9442,-0.1,0.2,0.090438,26.814
4,0.91945,-0.1,0.2,0.083149,32.214
6,0.91923,-0.1,0.2,0.056284,67.401
8,0.91792,-0.1,0.2,0.042608,89.139
10,0.91931,-0.1,0.2,0.033226,187.28
12,0.91681,-0.1,0.2,0.02819,277.67
14,0.91392,-0.1,0.2,0.026478,260.57
2,0.93366,-0.1,0.2,0.10618,19.822
4,0.93294,-0.1,0.2,0.069636,44.246
6,0.92952,-0.1,0.2,0.047865,82.625
8,0.92864,-0.1,0.2,0.036729,140.31
10,0.92842,-0.1,0.2,0.028024,203.6
12,0.92484,-0.1,0.2,0.025646,287.24
14,0.92398,-0.1,0.2,0.021546,407.78
2,0.94163,-0.1,0.2,0.095418,24.549
4,0.93992,-0.1,0.2,0.061493,50.61
6,0.93904,-0.1,0.2,0.042606,114.72
8,0.93963,-0.1,0.2,0.031755,169.25
10,0.93695,-0.1,0.2,0.024564,264.89
12,0.9362,-0.1,0.2,0.021497,319.92
14,0.93931,-0.1,0.2,0.018293,470.11
2,0.94997,-0.1,0.2,0.08199,30.916
4,0.94995,-0.1,0.2,0.052273,64.042
6,0.94993,-0.1,0.2,0.034303,133.86
8,0.94852,-0.1,0.2,0.026469,251.32
10,0.94907,-0.1,0.2,0.020314,320.18
12,0.94832,-0.1,0.2,0.017858,557.37
14,0.94509,-0.1,0.2,0.016151,416.33
2,0.95998,-0.1,0.2,0.064467,42.042
4,0.95995,-0.1,0.2,0.041765,93.132
6,0.95939,-0.1,0.2,0.028119,193.14
8,0.95925,-0.1,0.2,0.021127,319.7
10,0.95967,-0.1,0.2,0.016324,431.73
12,0.95709,-0.1,0.2,0.014561,693.7
14,0.95371,-0.1,0.2,0.013519,602.28
2,0.94632,0,0.2,0.086531,27.053
4,0.91408,0,0.2,0.087701,28.34
6,0.88318,0,0.2,0.080524,35.235
8,0.84554,0,0.2,0.078935,31.869
10,0.84556,0,0.2,0.061537,54.218
12,0.83867,0,0.2,0.053903,62.674
14,0.83697,0,0.2,0.047244,68.587
2,0.93037,0,0.2,0.11087,18.323
4,0.90536,0,0.2,0.094504,24.476
6,0.87469,0,0.2,0.085474,28.041
8,0.84912,0,0.2,0.076709,31.972
10,0.84983,0,0.2,0.060201,54.102
12,0.84768,0,0.2,0.0514,72.419
14,0.84601,0,0.2,0.044684,115.8
2,0.93613,0,0.2,0.10235,21.483
4,0.92158,0,0.2,0.080746,32.163
6,0.86204,0,0.2,0.094207,23.542
8,0.85988,0,0.2,0.073019,37.024
10,0.85828,0,0.2,0.056027,56.169
12,0.85674,0,0.2,0.048471,81.926
14,0.85457,0,0.2,0.041753,105.83
2,0.94083,0,0.2,0.094023,23.231
4,0.91724,0,0.2,0.083592,28.329
6,0.86964,0,0.2,0.088261,31.011
8,0.8681,0,0.2,0.067318,40.29
10,0.86807,0,0.2,0.052976,64.807
12,0.86756,0,0.2,0.043359,76.945
14,0.86414,0,0.2,0.039507,109.3
2,0.92622,0,0.2,0.11531,17.398
4,0.91065,0,0.2,0.090462,26.498
6,0.90517,0,0.2,0.065185,48.296
8,0.87944,0,0.2,0.062361,49.014
10,0.87863,0,0.2,0.04847,74.01
12,0.87786,0,0.2,0.041224,134.6
14,0.8765,0,0.2,0.035722,158.82
2,0.9334,0,0.2,0.10528,19.986
4,0.90813,0,0.2,0.092431,24.064
6,0.88984,0,0.2,0.074417,36.774
8,0.88928,0,0.2,0.056106,62.875
10,0.8895,0,0.2,0.044751,93.719
12,0.88767,0,0.2,0.037762,151.1
14,0.88654,0,0.2,0.032713,184.25
2,0.92972,0,0.2,0.11195,18.955
4,0.89969,0,0.2,0.10002,21.013
6,0.89931,0,0.2,0.070033,46.79
8,0.89788,0,0.2,0.052049,77.736
10,0.89714,0,0.2,0.040018,112.52
12,0.8978,0,0.2,0.034489,177.65
14,0.89445,0,0.2,0.031488,198.95
2,0.94062,0,0.2,0.094653,23.115
4,0.90984,0,0.2,0.091543,25.113
6,0.90894,0,0.2,0.061966,54.487
8,0.90799,0,0.2,0.047625,99.807
10,0.9083,0,0.2,0.036172,136.76
12,0.90466,0,0.2,0.032891,201.52
14,0.90597,0,0.2,0.028283,249.64
2,0.94545,0,0.2,0.08745,26.871
4,0.91963,0,0.2,0.081413,32.934
6,0.91892,0,0.2,0.056551,64.824
8,0.91863,0,0.2,0.041293,108.57
10,0.91726,0,0.2,0.032999,143.34
12,0.91715,0,0.2,0.027198,229.47
14,0.91569,0,0.2,0.024636,413.17
2,0.93067,0,0.2,0.11015,19.463
4,0.92958,0,0.2,0.071383,35.097
6,0.92887,0,0.2,0.048751,76.408
8,0.92889,0,0.2,0.037015,132.76
10,0.92623,0,0.2,0.030078,187.15
12,0.92847,0,0.2,0.024304,245.84
14,0.92552,0,0.2,0.020948,325.63
2,0.93985,0,0.2,0.095568,22.705
4,0.93995,0,0.2,0.061723,52.081
6,0.93882,0,0.2,0.042094,105.78
8,0.93917,0,0.2,0.031517,164.3
10,0.93701,0,0.2,0.024774,258.36
12,0.9374,0,0.2,0.02068,281.75
14,0.93549,0,0.2,0.018501,456.17
2,0.95,0,0.2,0.080145,29.96
4,0.94964,0,0.2,0.051445,64.833
6,0.94869,0,0.2,0.035741,135.23
8,0.94828,0,0.2,0.026781,218.2
10,0.94876,0,0.2,0.020979,342.22
12,0.94779,0,0.2,0.018274,670.45
14,0.94897,0,0.2,0.014617,917.78
2,0.95993,0,0.2,0.064689,42.217
4,0.9595,0,0.2,0.041861,92.04
6,0.95945,0,0.2,0.028346,184.53
8,0.95785,0,0.2,0.022752,316.75
10,0.9599,0,0.2,0.016335,406.88
12,0.95645,0,0.2,0.014684,613.92
14,0.95551,0,0.2,0.012448,606.33
2,0.93932,0.2,0.2,0.097747,22.214
4,0.90555,0.2,0.2,0.096514,24.624
6,0.85127,0.2,0.2,0.099498,17.939
8,0.84329,0.2,0.2,0.080559,31.155
10,0.8392,0.2,0.2,0.062838,39.578
12,0.83849,0.2,0.2,0.054229,57.503
14,0.83807,0.2,0.2,0.045502,77.89
2,0.93196,0.2,0.2,0.10778,18.969
4,0.91443,0.2,0.2,0.087202,30.028
6,0.86223,0.2,0.2,0.093704,26.024
8,0.85052,0.2,0.2,0.077406,30.825
10,0.84791,0.2,0.2,0.061052,53.884
12,0.847,0.2,0.2,0.051736,80.647
14,0.84845,0.2,0.2,0.04456,101.13
2,0.92942,0.2,0.2,0.11389,17.711
4,0.9213,0.2,0.2,0.082386,32.567
6,0.85915,0.2,0.2,0.096511,22.967
8,0.85984,0.2,0.2,0.072869,36.342
10,0.85845,0.2,0.2,0.05478,50.541
12,0.85827,0.2,0.2,0.047936,73.755
14,0.85869,0.2,0.2,0.040236,97.42
2,0.9412,0.2,0.2,0.096122,23.717
4,0.9007,0.2,0.2,0.10223,21.832
6,0.8799,0.2,0.2,0.081609,32.142
8,0.86984,0.2,0.2,0.067502,43.134
10,0.8697,0.2,0.2,0.051181,68.897
12,0.86758,0.2,0.2,0.043918,91.643
14,0.86758,0.2,0.2,0.038308,140.39
2,0.93419,0.2,0.2,0.10678,19.385
4,0.90441,0.2,0.2,0.098147,23.229
6,0.8797,0.2,0.2,0.082238,31.603
8,0.8798,0.2,0.2,0.061974,52.078
10,0.8789,0.2,0.2,0.048472,86.336
12,0.87943,0.2,0.2,0.039884,108.12
14,0.8762,0.2,0.2,0.035554,147.67
2,0.94194,0.2,0.2,0.094723,23.831
4,0.91357,0.2,0.2,0.089215,28.978
6,0.88941,0.2,0.2,0.075025,38.286
8,0.88924,0.2,0.2,0.056189,50.671
10,0.88985,0.2,0.2,0.04253,82.979
12,0.8877,0.2,0.2,0.038844,139.14
14,0.88765,0.2,0.2,0.033391,160.53
2,0.93186,0.2,0.2,0.10932,18.915
4,0.91302,0.2,0.2,0.089123,26.856
6,0.89917,0.2,0.2,0.069682,46.817
8,0.89936,0.2,0.2,0.051526,74.228
10,0.89941,0.2,0.2,0.040225,113.48
12,0.89644,0.2,0.2,0.03449,137.5
14,0.89603,0.2,0.2,0.029629,191.84
2,0.93498,0.2,0.2,0.1045,20.315
4,0.90991,0.2,0.2,0.091979,25.069
6,0.90933,0.2,0.2,0.063144,52.292
8,0.90979,0.2,0.2,0.045671,89.587
10,0.90882,0.2,0.2,0.036524,157.76
12,0.90793,0.2,0.2,0.032314,210.49
14,0.90889,0.2,0.2,0.026456,248.14
2,0.93285,0.2,0.2,0.10818,19.322
4,0.91974,0.2,0.2,0.082358,31.622
6,0.91901,0.2,0.2,0.055326,63.896
8,0.91898,0.2,0.2,0.041759,123.99
10,0.91694,0.2,0.2,0.034078,184.04
12,0.9195,0.2,0.2,0.026696,223.61
14,0.91795,0.2,0.2,0.023711,285.59
2,0.93592,0.2,0.2,0.10385,21.29
4,0.92962,0.2,0.2,0.071718,38.041
6,0.92908,0.2,0.2,0.048903,85.032
8,0.92928,0.2,0.2,0.037329,143.9
10,0.92782,0.2,0.2,0.028478,178.21
12,0.9278,0.2,0.2,0.024719,294.4
14,0.92422,0.2,0.2,0.022519,367.55
2,0.93982,0.2,0.2,0.097609,22.692
4,0.93974,0.2,0.2,0.062109,49.855
6,0.93949,0.2,0.2,0.042248,108.05
8,0.9383,0.2,0.2,0.031755,154.23
10,0.93757,0.2,0.2,0.02549,300.68
12,0.93542,0.2,0.2,0.022,342.05
14,0.93734,0.2,0.2,0.018767,615.69
2,0.94999,0.2,0.2,0.080349,30.751
4,0.94992,0.2,0.2,0.053293,67.896
6,0.94971,0.2,0.2,0.034701,142.19
8,0.94853,0.2,0.2,0.026354,268.69
10,0.94901,0.2,0.2,0.020013,408.71
12,0.94521,0.2,0.2,0.018792,504.67
14,0.94742,0.2,0.2,0.014931,706.29
2,0.95982,0.2,0.2,0.064512,39.894
4,0.95969,0.2,0.2,0.042707,93.391
6,0.95939,0.2,0.2,0.028165,181.76
8,0.95904,0.2,0.2,0.021861,353.95
10,0.95929,0.2,0.2,0.016211,410.07
12,0.95525,0.2,0.2,0.014893,537.91
14,0.9578,0.2,0.2,0.012691,865.39
2,0.93813,1,0.2,0.10634,23.006
4,0.91589,1,0.2,0.094928,31.836
6,0.86566,1,0.2,0.091659,28.853
8,0.84929,1,0.2,0.079823,31.636
10,0.8709,1,0.2,0.050059,74.962
12,0.83922,1,0.2,0.054611,68.597
14,0.83816,1,0.2,0.0464,114.71
2,0.9364,1,0.2,0.11054,22.41
4,0.88994,1,0.2,0.12152,18.595
6,0.88943,1,0.2,0.078221,42.273
8,0.84939,1,0.2,0.078406,34.703
10,0.84971,1,0.2,0.060561,52.354
12,0.84865,1,0.2,0.049604,97.974
14,0.84847,1,0.2,0.045042,83.425
2,0.95206,1,0.2,0.082931,33.871
4,0.9182,1,0.2,0.093026,33.34
6,0.88216,1,0.2,0.08276,33.544
8,0.88159,1,0.2,0.062287,52.348
10,0.85885,1,0.2,0.055499,68.763
12,0.85745,1,0.2,0.047443,79.367
14,0.85569,1,0.2,0.042658,91.727
2,0.93056,1,0.2,0.11967,20.474
4,0.92966,1,0.2,0.078988,41.932
6,0.88087,1,0.2,0.083379,36.836
8,0.86957,1,0.2,0.070306,46.073
10,0.86845,1,0.2,0.051685,73.137
12,0.86852,1,0.2,0.044412,91.871
14,0.86498,1,0.2,0.039293,130.82
2,0.94574,1,0.2,0.094913,29.564
4,0.93135,1,0.2,0.076755,42.291
6,0.87966,1,0.2,0.086593,31.648
8,0.8796,1,0.2,0.065003,54.956
10,0.87995,1,0.2,0.047302,92.829
12,0.87981,1,0.2,0.040483,108.94
14,0.87882,1,0.2,0.03714,147.57
2,0.94495,1,0.2,0.095381,27.783
4,0.92662,1,0.2,0.08153,38.215
6,0.88988,1,0.2,0.076569,39.21
8,0.88791,1,0.2,0.059562,76.689
10,0.88771,1,0.2,0.043425,101.69
12,0.88867,1,0.2,0.037069,137
14,0.88746,1,0.2,0.032137,152.47
2,0.93944,1,0.2,0.10451,25.044
4,0.90899,1,0.2,0.10308,27.745
6,0.89916,1,0.2,0.071717,54.288
8,0.89952,1,0.2,0.05327,78.425
10,0.89781,1,0.2,0.040868,136.1
12,0.89599,1,0.2,0.035047,161.95
14,0.89749,1,0.2,0.030293,250.19
2,0.93078,1,0.2,0.12008,19.729
4,0.92121,1,0.2,0.088752,36.58
6,0.90913,1,0.2,0.063349,55.979
8,0.90948,1,0.2,0.047323,82.358
10,0.90854,1,0.2,0.035496,142.16
12,0.90609,1,0.2,0.031543,222.03
14,0.90832,1,0.2,0.026766,251.76
2,0.93658,1,0.2,0.10846,23.589
4,0.91991,1,0.2,0.088604,31.887
6,0.91984,1,0.2,0.057099,68.367
8,0.91948,1,0.2,0.042731,113.16
10,0.91649,1,0.2,0.032517,162.81
12,0.91678,1,0.2,0.027527,244.93
14,0.91684,1,0.2,0.023796,398.63
2,0.92987,1,0.2,0.12136,18.877
4,0.92985,1,0.2,0.078063,41.412
6,0.9292,1,0.2,0.048699,84.178
8,0.92947,1,0.2,0.038278,131.67
10,0.92703,1,0.2,0.028612,213.95
12,0.92831,1,0.2,0.024383,339.2
14,0.92793,1,0.2,0.021006,359.7
2,0.9466,1,0.2,0.094488,29.484
4,0.93976,1,0.2,0.067336,50.854
6,0.93884,1,0.2,0.043867,106.03
8,0.93805,1,0.2,0.033472,218.52
10,0.93719,1,0.2,0.024612,283.6
12,0.93919,1,0.2,0.020398,385.15
14,0.937,1,0.2,0.018216,724.42
2,0.94987,1,0.2,0.086953,31.649
4,0.94975,1,0.2,0.057034,75.199
6,0.94963,1,0.2,0.035368,150.15
8,0.94922,1,0.2,0.027929,240.32
10,0.94797,1,0.2,0.020668,329.27
12,0.94919,1,0.2,0.017353,454.93
14,0.94539,1,0.2,0.015912,532.96
2,0.95991,1,0.2,0.071032,42.373
4,0.95975,1,0.2,0.046093,100.95
6,0.95973,1,0.2,0.028956,217.72
8,0.9581,1,0.2,0.02253,292.97
10,0.95645,1,0.2,0.01805,501.71
12,0.95884,1,0.2,0.013763,1320.4
14,0.95849,1,0.2,0.013013,1139.1
2,0.83985,-0.5,1,0.24253,5.429
4,0.8397,-0.5,1,0.15876,9.7481
6,0.83963,-0.5,1,0.10145,16.191
8,0.83804,-0.5,1,0.078024,26.482
10,0.83757,-0.5,1,0.057742,46.171
12,0.83967,-0.5,1,0.048325,87.531
14,0.83692,-0.5,1,0.042745,118.08
2,0.8498,-0.5,1,0.22957,5.7856
4,0.84955,-0.5,1,0.14967,13.404
6,0.84918,-0.5,1,0.09557,20.235
8,0.84853,-0.5,1,0.073195,32.881
10,0.84956,-0.5,1,0.053958,62.388
12,0.84664,-0.5,1,0.04646,62.031
14,0.84737,-0.5,1,0.039208,105.29
2,0.85999,-0.5,1,0.21525,6.3311
4,0.85946,-0.5,1,0.13972,13.329
6,0.85883,-0.5,1,0.089723,23.279
8,0.85893,-0.5,1,0.068324,40.668
10,0.85672,-0.5,1,0.05147,58.655
12,0.85819,-0.5,1,0.043137,135.77
14,0.85359,-0.5,1,0.03862,105.11
2,0.86989,-0.5,1,0.19903,7.7791
4,0.86946,-0.5,1,0.12866,14.779
6,0.86943,-0.5,1,0.083281,28.252
8,0.86817,-0.5,1,0.063435,51.67
10,0.8667,-0.5,1,0.046767,69.354
12,0.86696,-0.5,1,0.040599,107.49
14,0.86972,-0.5,1,0.034109,178.66
2,0.8799,-0.5,1,0.18513,8.5874
4,0.8798,-0.5,1,0.12129,15.444
6,0.8794,-0.5,1,0.075992,34.893
8,0.87979,-0.5,1,0.058319,54.984
10,0.87833,-0.5,1,0.043624,74.861
12,0.8797,-0.5,1,0.036532,151.08
14,0.87886,-0.5,1,0.031599,122.16
2,0.88998,-0.5,1,0.16999,10.378
4,0.88984,-0.5,1,0.10915,23.434
6,0.88889,-0.5,1,0.070423,32.169
8,0.88947,-0.5,1,0.053262,61.222
10,0.88808,-0.5,1,0.039926,108.39
12,0.88767,-0.5,1,0.034454,111.74
14,0.88482,-0.5,1,0.030395,113.2
2,0.8999,-0.5,1,0.15447,11.403
4,0.89989,-0.5,1,0.10041,23.396
6,0.89974,-0.5,1,0.063544,54.827
8,0.89808,-0.5,1,0.04949,72.442
10,0.8996,-0.5,1,0.035442,123.19
12,0.89502,-0.5,1,0.03168,173.03
14,0.89436,-0.5,1,0.027093,166.44
2,0.90988,-0.5,1,0.13954,13.478
4,0.90985,-0.5,1,0.090802,29.941
6,0.90905,-0.5,1,0.057852,54.504
8,0.90942,-0.5,1,0.043856,75.65
10,0.90965,-0.5,1,0.032512,207.97
12,0.90796,-0.5,1,0.027648,253.99
14,0.90474,-0.5,1,0.025208,237.33
2,0.91985,-0.5,1,0.12622,16.285
4,0.91966,-0.5,1,0.081316,31.654
6,0.91987,-0.5,1,0.049978,83.144
8,0.91911,-0.5,1,0.038707,81.23
10,0.91818,-0.5,1,0.029566,143.27
12,0.915,-0.5,1,0.025482,250.62
14,0.9155,-0.5,1,0.022189,488.44
2,0.92983,-0.5,1,0.10994,20.686
4,0.92998,-0.5,1,0.070805,37.809
6,0.92875,-0.5,1,0.045295,70.597
8,0.92813,-0.5,1,0.035352,149.77
10,0.92843,-0.5,1,0.025883,141.1
12,0.9279,-0.5,1,0.021568,308.15
14,0.92801,-0.5,1,0.018845,423.93
2,0.93982,-0.5,1,0.092316,24.456
4,0.93958,-0.5,1,0.061152,46.633
6,0.93973,-0.5,1,0.038395,127.74
8,0.93977,-0.5,1,0.029394,155.4
10,0.93702,-0.5,1,0.021996,293.41
12,0.93777,-0.5,1,0.018961,391.69
14,0.93567,-0.5,1,0.016887,866.59
2,0.94983,-0.5,1,0.079033,33.182
4,0.94952,-0.5,1,0.051678,70.074
6,0.94991,-0.5,1,0.031589,148.8
8,0.94882,-0.5,1,0.024375,196.57
10,0.9479,-0.5,1,0.018662,281.54
12,0.94591,-0.5,1,0.01638,448.82
14,0.94777,-0.5,1,0.01373,883.84
2,0.95993,-0.5,1,0.06343,46.255
4,0.95944,-0.5,1,0.041342,79.246
6,0.95895,-0.5,1,0.02641,213.79
8,0.95862,-0.5,1,0.02034,242.21
10,0.95758,-0.5,1,0.015066,549.17
12,0.95535,-0.5,1,0.013528,736.33
14,0.95488,-0.5,1,0.011872,698.15
2,0.83991,-0.1,1,0.229,5.5328
4,0.83963,-0.1,1,0.15263,8.6449
6,0.83938,-0.1,1,0.1031,18.247
8,0.83935,-0.1,1,0.073558,27.45
10,0.83988,-0.1,1,0.058922,45.249
12,0.8376,-0.1,1,0.049434,74.07
14,0.8337,-0.1,1,0.042542,82.612
2,0.84984,-0.1,1,0.21423,6.2985
4,0.84957,-0.1,1,0.14366,11.03
6,0.84986,-0.1,1,0.097113,19.786
8,0.84933,-0.1,1,0.069427,44.452
10,0.84836,-0.1,1,0.055626,56.403
12,0.84687,-0.1,1,0.047292,59.134
14,0.8478,-0.1,1,0.039511,117.24
2,0.85994,-0.1,1,0.20165,6.2464
4,0.85991,-0.1,1,0.13332,12.136
6,0.85963,-0.1,1,0.090565,25.951
8,0.85974,-0.1,1,0.064329,42.29
10,0.85706,-0.1,1,0.052486,66.473
12,0.85788,-0.1,1,0.043216,83.377
14,0.85876,-0.1,1,0.036355,127.02
2,0.86987,-0.1,1,0.19002,7.4222
4,0.86977,-0.1,1,0.12308,15.989
6,0.86914,-0.1,1,0.083781,27.454
8,0.86823,-0.1,1,0.060008,41.355
10,0.86769,-0.1,1,0.048429,91.247
12,0.86757,-0.1,1,0.040678,130.66
14,0.86842,-0.1,1,0.035197,119.03
2,0.87981,-0.1,1,0.17333,9.284
4,0.87975,-0.1,1,0.11417,17.387
6,0.87912,-0.1,1,0.077742,27.9
8,0.87887,-0.1,1,0.05574,51.871
10,0.87764,-0.1,1,0.046279,73.128
12,0.87857,-0.1,1,0.036393,171.82
14,0.87898,-0.1,1,0.032272,141.21
2,0.88975,-0.1,1,0.16117,8.511
4,0.88966,-0.1,1,0.10575,20.255
6,0.88964,-0.1,1,0.071503,39.054
8,0.8888,-0.1,1,0.051217,50.604
10,0.8897,-0.1,1,0.041204,92.207
12,0.88952,-0.1,1,0.03369,135.24
14,0.88856,-0.1,1,0.029365,117.74
2,0.89984,-0.1,1,0.1476,11.354
4,0.89993,-0.1,1,0.095344,17.991
6,0.89952,-0.1,1,0.065012,43.342
8,0.89804,-0.1,1,0.047163,63.051
10,0.89849,-0.1,1,0.036979,137.53
12,0.89576,-0.1,1,0.031404,197.76
14,0.89918,-0.1,1,0.026599,196.18
2,0.9099,-0.1,1,0.13214,13.695
4,0.90978,-0.1,1,0.08654,26.942
6,0.90875,-0.1,1,0.059096,50.434
8,0.90941,-0.1,1,0.042584,104.59
10,0.90979,-0.1,1,0.033266,129.52
12,0.90679,-0.1,1,0.02929,239.3
14,0.90745,-0.1,1,0.022789,406.25
2,0.91988,-0.1,1,0.1176,16.196
4,0.91975,-0.1,1,0.076849,29.636
6,0.91941,-0.1,1,0.051646,78.836
8,0.91794,-0.1,1,0.037857,96.434
10,0.91815,-0.1,1,0.029854,122.33
12,0.91621,-0.1,1,0.025372,174.4
14,0.91793,-0.1,1,0.020187,172.89
2,0.92981,-0.1,1,0.10274,20.068
4,0.92943,-0.1,1,0.069081,34.97
6,0.92883,-0.1,1,0.04529,75.64
8,0.92787,-0.1,1,0.033513,152.17
10,0.92848,-0.1,1,0.026811,202.75
12,0.92996,-0.1,1,0.022142,226.49
14,0.92699,-0.1,1,0.018885,259.25
2,0.93987,-0.1,1,0.089219,23.831
4,0.93943,-0.1,1,0.05747,58.209
6,0.9395,-0.1,1,0.03924,105.14
8,0.93894,-0.1,1,0.028428,180.87
10,0.9382,-0.1,1,0.022341,347.81
12,0.93946,-0.1,1,0.018696,335.03
14,0.93356,-0.1,1,0.016983,477.75
2,0.94984,-0.1,1,0.075608,33.998
4,0.94965,-0.1,1,0.049548,72.158
6,0.94878,-0.1,1,0.033268,136.01
8,0.94934,-0.1,1,0.02371,221.52
10,0.94956,-0.1,1,0.018611,284.2
12,0.94876,-0.1,1,0.015247,728.22
14,0.94517,-0.1,1,0.014608,439.71
2,0.95987,-0.1,1,0.059356,43.03
4,0.95971,-0.1,1,0.039025,98.224
6,0.95979,-0.1,1,0.026998,196.5
8,0.95973,-0.1,1,0.018846,323.77
10,0.95718,-0.1,1,0.016249,494.9
12,0.95749,-0.1,1,0.013079,516.52
14,0.95588,-0.1,1,0.011452,610.63
2,0.83986,0,1,0.21853,5.4847
4,0.83959,0,1,0.14769,10.605
6,0.83995,0,1,0.10352,19.194
8,0.83977,0,1,0.072573,34.838
10,0.83863,0,1,0.058584,34.481
12,0.83993,0,1,0.048896,61.822
14,0.83398,0,1,0.043499,81.712
2,0.84988,0,1,0.20643,6.2419
4,0.8496,0,1,0.13959,11.384
6,0.84877,0,1,0.098969,19.193
8,0.84847,0,1,0.06963,39.857
10,0.84758,0,1,0.054682,42.868
12,0.84814,0,1,0.045845,78.779
14,0.84737,0,1,0.038659,133.96
2,0.85993,0,1,0.19448,7.1021
4,0.85972,0,1,0.1292,11.15
6,0.85898,0,1,0.091281,21.952
8,0.85966,0,1,0.063522,45.7
10,0.85953,0,1,0.051356,55.792
12,0.85869,0,1,0.043122,79.013
14,0.85784,0,1,0.036649,120.26
2,0.86979,0,1,0.18265,7.4447
4,0.86946,0,1,0.12216,13.527
6,0.86977,0,1,0.083713,29.843
8,0.86851,0,1,0.060747,53.574
10,0.86928,0,1,0.047691,76.142
12,0.86591,0,1,0.041391,99.487
14,0.86363,0,1,0.036009,107.74
2,0.87988,0,1,0.16673,9.2054
4,0.87946,0,1,0.11292,18.439
6,0.87986,0,1,0.076798,31.033
8,0.87804,0,1,0.055223,52.905
10,0.87754,0,1,0.043295,119.45
12,0.87693,0,1,0.037678,99.613
14,0.87908,0,1,0.031528,120.37
2,0.88999,0,1,0.15368,11.054
4,0.88973,0,1,0.10269,19.481
6,0.88949,0,1,0.073016,32.121
8,0.88798,0,1,0.051536,58.327
10,0.8894,0,1,0.040242,106.13
12,0.88851,0,1,0.034105,113.43
14,0.88549,0,1,0.030731,164.83
2,0.89982,0,1,0.14409,12.092
4,0.89995,0,1,0.092723,21.326
6,0.89955,0,1,0.064745,39.464
8,0.89951,0,1,0.045881,85.495
10,0.8976,0,1,0.036885,129.44
12,0.89698,0,1,0.030325,108.62
14,0.89822,0,1,0.02593,201.2
2,0.90985,0,1,0.12666,14.111
4,0.90983,0,1,0.082881,28.376
6,0.90976,0,1,0.058328,61.816
8,0.90863,0,1,0.041917,88.244
10,0.90721,0,1,0.032879,165.98
12,0.90778,0,1,0.028581,285.64
14,0.90731,0,1,0.024438,229.15
2,0.91999,0,1,0.11362,17.036
4,0.91972,0,1,0.075216,32.537
6,0.91968,0,1,0.052595,56.902
8,0.9196,0,1,0.036274,120.47
10,0.91958,0,1,0.029246,129.1
12,0.91726,0,1,0.02527,463.79
14,0.91416,0,1,0.022993,262.76
2,0.92976,0,1,0.09874,19.787
4,0.92999,0,1,0.066069,44.794
6,0.92926,0,1,0.04631,97.044
8,0.92847,0,1,0.032158,136.47
10,0.92867,0,1,0.025892,238.33
12,0.92771,0,1,0.022042,258.17
14,0.9282,0,1,0.01886,414.76
2,0.93969,0,1,0.087509,24.523
4,0.93985,0,1,0.056487,47.469
6,0.93953,0,1,0.038484,114.08
8,0.93792,0,1,0.028986,190.5
10,0.93639,0,1,0.023576,230
12,0.93731,0,1,0.019735,343.85
14,0.93404,0,1,0.018125,443.62
2,0.94989,0,1,0.072158,32.11
4,0.94959,0,1,0.048072,58.25
6,0.94916,0,1,0.0327,150.42
8,0.94872,0,1,0.023474,364.82
10,0.9499,0,1,0.018269,462.75
12,0.94998,0,1,0.015963,708.77
14,0.94363,0,1,0.014794,661.98
2,0.95992,0,1,0.058153,44.607
4,0.9598,0,1,0.037875,86.724
6,0.95983,0,1,0.026623,226.25
8,0.95788,0,1,0.019538,260.2
10,0.95649,0,1,0.015851,488.27
12,0.9569,0,1,0.013062,544.91
14,0.95442,0,1,0.012207,665.5
2,0.83986,0.2,1,0.22735,5.1119
4,0.83995,0.2,1,0.15035,10.042
6,0.83973,0.2,1,0.10529,18.587
8,0.83811,0.2,1,0.07441,25.08
10,0.83775,0.2,1,0.058938,44.652
12,0.83952,0.2,1,0.048623,71.442
14,0.83347,0.2,1,0.04328,70.697
2,0.8499,0.2,1,0.21417,5.8896
4,0.8497,0.2,1,0.14078,9.555
6,0.84934,0.2,1,0.09607,25.595
8,0.84852,0.2,1,0.069797,32.285
10,0.84739,0.2,1,0.055743,43.152
12,0.84987,0.2,1,0.046125,68.556
14,0.84897,0.2,1,0.03871,92.717
2,0.85983,0.2,1,0.20122,6.3999
4,0.85942,0.2,1,0.13201,12.545
6,0.85986,0.2,1,0.090378,25.493
8,0.85809,0.2,1,0.064269,38.151
10,0.85778,0.2,1,0.051927,70.581
12,0.85835,0.2,1,0.043452,93.719
14,0.85829,0.2,1,0.036189,132.74
2,0.86994,0.2,1,0.18633,7.8374
4,0.86969,0.2,1,0.12299,14.855
6,0.86925,0.2,1,0.08508,31.706
8,0.86914,0.2,1,0.059835,52.839
10,0.86975,0.2,1,0.048712,59.179
12,0.86546,0.2,1,0.042101,75.88
14,0.86992,0.2,1,0.033733,129.83
2,0.87982,0.2,1,0.17345,8.5286
4,0.87956,0.2,1,0.1139,16.887
6,0.87912,0.2,1,0.078653,29.612
8,0.87808,0.2,1,0.056665,47.639
10,0.87894,0.2,1,0.043963,75.913
12,0.87738,0.2,1,0.038349,108.03
14,0.8736,0.2,1,0.032188,177.64
2,0.88994,0.2,1,0.15946,10.523
4,0.88998,0.2,1,0.10464,17.594
6,0.88965,0.2,1,0.071619,32.21
8,0.88992,0.2,1,0.049691,63.147
10,0.8869,0.2,1,0.040714,73.897
12,0.8851,0.2,1,0.034782,77.087
14,0.88342,0.2,1,0.030681,169.97
2,0.89991,0.2,1,0.14641,12.052
4,0.8995,0.2,1,0.096544,22.516
6,0.89976,0.2,1,0.06476,47.666
8,0.89928,0.2,1,0.046527,89.161
10,0.89903,0.2,1,0.036669,102.88
12,0.89612,0.2,1,0.031581,123.13
14,0.89512,0.2,1,0.027887,239.38
2,0.90999,0.2,1,0.13253,14.361
4,0.90976,0.2,1,0.086042,29.145
6,0.90916,0.2,1,0.05963,51.064
8,0.9081,0.2,1,0.04288,78.656
10,0.90949,0.2,1,0.033487,189.42
12,0.90716,0.2,1,0.028381,117.28
14,0.90717,0.2,1,0.024068,224.97
2,0.91976,0.2,1,0.11829,16.033
4,0.91952,0.2,1,0.076709,34.577
6,0.91886,0.2,1,0.052872,66.797
8,0.91986,0.2,1,0.036846,129.45
10,0.91875,0.2,1,0.030539,137.27
12,0.91726,0.2,1,0.025543,277.98
14,0.91671,0.2,1,0.021853,262.86
2,0.92998,0.2,1,0.10247,20.069
4,0.92946,0.2,1,0.06805,35.695
6,0.92889,0.2,1,0.046475,95.215
8,0.92991,0.2,1,0.032604,116.42
10,0.92876,0.2,1,0.026147,178.78
12,0.925,0.2,1,0.022791,211.22
14,0.92635,0.2,1,0.018892,357.39
2,0.93979,0.2,1,0.089017,25.661
4,0.93956,0.2,1,0.058384,53.853
6,0.9398,0.2,1,0.039634,105.62
8,0.9399,0.2,1,0.027281,176.36
10,0.93785,0.2,1,0.023211,242.43
12,0.93527,0.2,1,0.020345,508.07
14,0.93782,0.2,1,0.016869,722.4
2,0.94961,0.2,1,0.074949,31.456
4,0.94979,0.2,1,0.047513,59.692
6,0.94991,0.2,1,0.03251,138.1
8,0.94824,0.2,1,0.0246,248.94
10,0.94759,0.2,1,0.019155,451.39
12,0.94567,0.2,1,0.016665,524.8
14,0.94987,0.2,1,0.012335,747.69
2,0.95991,0.2,1,0.060781,42.562
4,0.95989,0.2,1,0.038351,86.474
6,0.95882,0.2,1,0.026905,195.83
8,0.95976,0.2,1,0.018327,379.54
10,0.95774,0.2,1,0.015535,426.05
12,0.95745,0.2,1,0.013239,1063.5
14,0.95558,0.2,1,0.011462,765.29
2,0.83982,1,1,0.24239,5.3413
4,0.83944,1,1,0.15919,9.3999
6,0.83945,1,1,0.10139,17.315
8,0.83932,1,1,0.077366,28.062
10,0.8398,1,1,0.057123,53.192
12,0.83527,1,1,0.049416,51.987
14,0.83919,1,1,0.04239,86.694
2,0.84978,1,1,0.22764,5.226
4,0.84963,1,1,0.1506,10.789
6,0.84912,1,1,0.095707,23.023
8,0.84909,1,1,0.073229,37.356
10,0.84703,1,1,0.055096,52.809
12,0.84704,1,1,0.046328,75.329
14,0.84516,1,1,0.040192,131.4
2,0.85995,1,1,0.21519,6.5912
4,0.85977,1,1,0.13989,13.355
6,0.85927,1,1,0.088873,25.736
8,0.85937,1,1,0.06802,40.916
10,0.85863,1,1,0.049644,51.822
12,0.85591,1,1,0.043992,85.597
14,0.8535,1,1,0.039049,123.98
2,0.86998,1,1,0.19943,7.583
4,0.86978,1,1,0.12955,16.607
6,0.86915,1,1,0.082719,25.131
8,0.86869,1,1,0.063423,43.929
10,0.86665,1,1,0.047273,63.325
12,0.86783,1,1,0.039893,70.711
14,0.86737,1,1,0.034082,166.42
2,0.87988,1,1,0.1849,8.4874
4,0.87948,1,1,0.12055,17.207
6,0.87939,1,1,0.075707,37.372
8,0.87974,1,1,0.056908,55.709
10,0.87976,1,1,0.043192,83.4
12,0.87983,1,1,0.035593,167.05
14,0.87733,1,1,0.032515,194.18
2,0.88991,1,1,0.17056,10.046
4,0.88959,1,1,0.11108,18.812
6,0.88884,1,1,0.069929,32.888
8,0.88976,1,1,0.053312,54.531
10,0.8892,1,1,0.039295,121.93
12,0.88765,1,1,0.033373,142.6
14,0.88621,1,1,0.029976,163.68
2,0.89981,1,1,0.15579,11.644
4,0.89996,1,1,0.10013,25.119
6,0.89881,1,1,0.064072,46.523
8,0.8991,1,1,0.048473,70.021
10,0.89838,1,1,0.0357,123.14
12,0.89842,1,1,0.030442,100.43
14,0.89715,1,1,0.027817,284.78
2,0.90981,1,1,0.1406,13.739
4,0.90963,1,1,0.091101,31.481
6,0.90992,1,1,0.057316,58.306
8,0.90871,1,1,0.044333,68.824
10,0.90705,1,1,0.033685,153.15
12,0.90613,1,1,0.028631,162.04
14,0.90759,1,1,0.024229,336.97
2,0.91995,1,1,0.12421,16.903
4,0.91966,1,1,0.081484,30.874
6,0.91873,1,1,0.051998,72.959
8,0.91958,1,1,0.038595,105.34
10,0.91672,1,1,0.028922,197.91
12,0.91924,1,1,0.024492,319.68
14,0.91413,1,1,0.022913,256.36
2,0.92988,1,1,0.10944,20.192
4,0.92982,1,1,0.071228,43.888
6,0.92988,1,1,0.044939,93.959
8,0.9299,1,1,0.033979,139.88
10,0.92728,1,1,0.025879,197.68
12,0.9299,1,1,0.021152,255.94
14,0.92909,1,1,0.018791,341.41
2,0.93989,1,1,0.094517,23.372
4,0.93953,1,1,0.060765,51.68
6,0.93901,1,1,0.038981,124.26
8,0.93853,1,1,0.030024,129.38
10,0.93798,1,1,0.022078,333.35
12,0.93855,1,1,0.018503,365.99
14,0.93431,1,1,0.017616,396.95
2,0.94994,1,1,0.078783,32.986
4,0.94999,1,1,0.050804,68.519
6,0.94902,1,1,0.032463,132.6
8,0.94938,1,1,0.024169,241.83
10,0.94962,1,1,0.018204,331.57
12,0.94551,1,1,0.016265,333.7
14,0.94812,1,1,0.01371,646.73
2,0.95982,1,1,0.063416,43.643
4,0.95967,1,1,0.040562,106.1
6,0.95901,1,1,0.026419,175.41
8,0.95888,1,1,0.020091,306.88
10,0.95711,1,1,0.015529,586.76
12,0.95803,1,1,0.012604,783.13
14,0.95686,1,1,0.01139,954.06
2,0.95115,-0.5,0.2,0.084167,31.58
4,0.91738,-0.5,0.2,0.091978,30.455
6,0.87763,-0.5,0.2,0.085329,32.713
8,0.83963,-0.5,0.2,0.085059,25.422
10,0.83897,-0.5,0.2,0.063176,48.458
12,0.83758,-0.5,0.2,0.054598,73.23
14,0.8356,-0.5,0.2,0.046893,67.174
2,0.93209,-0.5,0.2,0.11729,20.525
4,0.90274,-0.5,0.2,0.10829,21.964
6,0.86673,-0.5,0.2,0.092256,25.86
8,0.86441,-0.5,0.2,0.071688,38.084
10,0.84898,-0.5,0.2,0.060611,56.425
12,0.84669,-0.5,0.2,0.051292,77.136
14,0.8491,-0.5,0.2,0.044245,98.621
2,0.93876,-0.5,0.2,0.10606,24.107
4,0.92688,-0.5,0.2,0.083387,35.063
6,0.88212,-0.5,0.2,0.081605,35.727
8,0.85847,-0.5,0.2,0.07401,34.009
10,0.85767,-0.5,0.2,0.055557,69.596
12,0.85637,-0.5,0.2,0.049064,93.537
14,0.85951,-0.5,0.2,0.041071,111.6
2,0.94398,-0.5,0.2,0.097031,25.76
4,0.92195,-0.5,0.2,0.087515,35.412
6,0.90238,-0.5,0.2,0.06842,42.782
8,0.86811,-0.5,0.2,0.070832,41.582
10,0.86905,-0.5,0.2,0.05313,77.5
12,0.86882,-0.5,0.2,0.043421,83.705
14,0.86965,-0.5,0.2,0.037423,112.83
2,0.9389,-0.5,0.2,0.10744,22.925
4,0.92237,-0.5,0.2,0.088488,33.848
6,0.87886,-0.5,0.2,0.085273,29.468
8,0.87962,-0.5,0.2,0.0637,52.224
10,0.87663,-0.5,0.2,0.048557,80.016
12,0.8796,-0.5,0.2,0.039662,122.12
14,0.87578,-0.5,0.2,0.035943,164.25
2,0.95045,-0.5,0.2,0.086739,31.236
4,0.91094,-0.5,0.2,0.097862,25.375
6,0.88979,-0.5,0.2,0.076767,35.316
8,0.88846,-0.5,0.2,0.058485,57.511
10,0.88933,-0.5,0.2,0.044126,84.054
12,0.88648,-0.5,0.2,0.038057,124.97
14,0.88781,-0.5,0.2,0.03323,147.61
2,0.93561,-0.5,0.2,0.11224,20.739
4,0.91184,-0.5,0.2,0.09875,28.433
6,0.89944,-0.5,0.2,0.070354,46.343
8,0.8995,-0.5,0.2,0.053378,75.644
10,0.89827,-0.5,0.2,0.03952,122.19
12,0.89906,-0.5,0.2,0.034307,151.79
14,0.89915,-0.5,0.2,0.028812,233.16
2,0.93821,-0.5,0.2,0.10728,20.69
4,0.90945,-0.5,0.2,0.099884,27.211
6,0.92542,-0.5,0.2,0.053167,73.196
8,0.90991,-0.5,0.2,0.04827,80.716
10,0.90858,-0.5,0.2,0.036053,128.31
12,0.90434,-0.5,0.2,0.031583,146.77
14,0.90881,-0.5,0.2,0.026838,265.15
2,0.95621,-0.5,0.2,0.076781,36.28
4,0.91978,-0.5,0.2,0.088393,33.096
6,0.91935,-0.5,0.2,0.057083,68.259
8,0.91791,-0.5,0.2,0.04453,108.17
10,0.91934,-0.5,0.2,0.031892,126.62
12,0.91745,-0.5,0.2,0.027669,242.02
14,0.91621,-0.5,0.2,0.0246,292.49
2,0.94699,-0.5,0.2,0.091879,27.589
4,0.92979,-0.5,0.2,0.078954,40.083
6,0.92904,-0.5,0.2,0.050151,91.232
8,0.92986,-0.5,0.2,0.037745,133.11
10,0.92692,-0.5,0.2,0.028333,181.01
12,0.92821,-0.5,0.2,0.023919,290.42
14,0.92751,-0.5,0.2,0.020873,594.16
2,0.94255,-0.5,0.2,0.10034,25.501
4,0.9398,-0.5,0.2,0.067292,51.857
6,0.93897,-0.5,0.2,0.04404,113.47
8,0.9389,-0.5,0.2,0.032541,162.69
10,0.93901,-0.5,0.2,0.023128,261.17
12,0.93776,-0.5,0.2,0.021451,350.42
14,0.93487,-0.5,0.2,0.019348,493.51
2,0.96026,-0.5,0.2,0.069399,46.055
4,0.94982,-0.5,0.2,0.056445,60.985
6,0.94884,-0.5,0.2,0.036913,122.44
8,0.94931,-0.5,0.2,0.026993,277.1
10,0.94884,-0.5,0.2,0.020557,285.9
12,0.94514,-0.5,0.2,0.018206,409.01
14,0.94536,-0.5,0.2,0.016473,708.23
2,0.95996,-0.5,0.2,0.070145,41.06
4,0.95969,-0.5,0.2,0.045053,91.905
6,0.95986,-0.5,0.2,0.028597,225.05
8,0.95896,-0.5,0.2,0.021741,268.5
10,0.95795,-0.5,0.2,0.017083,743.25
12,0.95654,-0.5,0.2,0.014532,464.4
14,0.95479,-0.5,0.2,0.013334,694.28
